Year,Province,Pop,UnempRate,GDP,CPI
1992,Beijing,11.02,0.30,70.90,109.90
1992,Tianjin,8.79,1.10,41.10,111.40
1992,Hebei,62.75,2.50,127.90,106.10
1992,Shanxi,29.79,0.70,55.10,107.30
1992,InnerMongolia,22.07,3.30,42.20,107.40
1992,Liaoning,39.58,1.90,147.30,106.70
1992,Jilin,24.74,1.60,55.80,108.00
1992,Heilongjiang,36.08,1.90,96.00,109.20
1992,Shanghai,12.89,1.80,111.40,110.00
1992,Jiangsu,69.11,2.00,213.60,106.60
1992,Zhejiang,42.86,2.40,137.60,107.50
1992,Anhui,58.17,2.70,80.10,108.20
1992,Fujian,31.16,1.90,78.50,105.90
1992,Jiangxi,39.13,1.90,57.30,105.70
1992,Shandong,86.10,2.00,219.70,106.80
1992,Henan,88.61,2.60,128.00,105.40
1992,Hubei,55.80,2.20,108.80,109.60
1992,Hunan,62.08,2.90,98.70,110.70
1992,Guangdong,67.06,1.90,244.80,107.30
1992,Guangxi,43.80,3.30,64.70,105.90
1992,Hainan,6.86,2.30,18.50,108.70
1992,Chongqing,29.51,,46.10,
1992,Sichuan,79.92,3.60,117.70,107.40
1992,Guizhou,33.61,3.40,34.00,107.80
1992,Yunnan,38.32,2.30,61.90,108.90
1992,Tibet,2.29,,3.30,
1992,Shaanxi,34.05,2.20,53.20,110.30
1992,Gansu,23.14,3.50,31.80,107.20
1992,Qinghai,4.61,3.50,8.80,108.00
1992,Ningxia,4.82,4.20,8.30,108.30
1992,Xinjiang,15.81,2.80,40.20,108.60
1993,Beijing,11.12,0.40,88.60,119.00
1993,Tianjin,8.86,1.00,53.90,117.60
1993,Hebei,63.34,2.00,169.10,113.80
1993,Shanxi,30.13,0.80,68.00,115.10
1993,InnerMongolia,22.32,2.60,53.80,114.10
1993,Liaoning,39.83,2.50,201.10,115.20
1993,Jilin,24.96,1.30,71.90,112.60
1993,Heilongjiang,36.40,2.20,119.80,114.80
1993,Shanghai,12.95,2.50,151.90,120.20
1993,Jiangsu,69.67,2.00,299.80,118.20
1993,Zhejiang,43.13,2.60,192.60,119.80
1993,Anhui,58.70,2.70,103.70,114.70
1993,Fujian,31.50,1.50,111.40,115.40
1993,Jiangxi,39.66,1.90,72.30,114.60
1993,Shandong,86.42,2.50,277.00,112.70
1993,Henan,89.46,2.40,166.00,110.40
1993,Hubei,56.53,2.20,132.60,118.40
1993,Hunan,62.46,3.40,124.50,116.80
1993,Guangdong,69.37,1.90,346.90,121.60
1993,Guangxi,44.38,2.90,87.20,122.00
1993,Hainan,7.01,2.40,26.00,123.30
1993,Chongqing,29.65,,60.90,
1993,Sichuan,80.37,3.50,148.60,116.80
1993,Guizhou,34.09,3.40,41.80,116.00
1993,Yunnan,38.85,2.20,78.30,121.30
1993,Tibet,2.32,,3.70,
1993,Shaanxi,34.43,2.50,67.80,113.10
1993,Gansu,23.45,3.60,37.20,115.40
1993,Qinghai,4.67,2.50,11.00,113.20
1993,Ningxia,4.91,3.80,10.40,114.30
1993,Xinjiang,16.05,2.70,49.50,113.00
1994,Beijing,11.25,0.40,114.50,124.90
1994,Tianjin,8.91,1.10,73.30,124.00
1994,Hebei,63.88,2.70,218.70,122.60
1994,Shanxi,30.45,1.20,82.70,125.20
1994,InnerMongolia,22.61,3.70,69.50,122.90
1994,Liaoning,40.07,2.60,246.20,124.30
1994,Jilin,25.16,1.90,93.80,120.60
1994,Heilongjiang,36.72,2.40,160.50,121.90
1994,Shanghai,12.99,2.70,199.10,123.90
1994,Jiangsu,70.21,2.10,405.70,123.20
1994,Zhejiang,43.41,3.00,268.90,124.80
1994,Anhui,59.38,3.00,132.10,126.90
1994,Fujian,31.83,2.30,164.40,125.30
1994,Jiangxi,40.15,1.90,94.80,126.90
1994,Shandong,86.71,3.00,384.50,123.40
1994,Henan,90.27,2.30,221.70,125.20
1994,Hubei,57.19,2.90,170.10,125.30
1994,Hunan,63.03,3.60,165.00,125.30
1994,Guangdong,72.10,2.40,461.90,121.70
1994,Guangxi,44.93,3.60,119.80,126.00
1994,Hainan,7.11,3.60,33.20,126.70
1994,Chongqing,29.86,,83.40,
1994,Sichuan,80.99,3.70,200.10,124.60
1994,Guizhou,34.58,5.50,52.40,122.80
1994,Yunnan,39.39,2.70,98.40,119.20
1994,Tibet,2.36,,4.60,
1994,Shaanxi,34.81,3.50,83.90,126.70
1994,Gansu,23.87,5.20,45.40,123.70
1994,Qinghai,4.74,5.90,13.80,121.80
1994,Ningxia,5.04,5.20,13.60,123.10
1994,Xinjiang,16.33,3.20,66.20,126.70
1995,Beijing,12.51,0.40,150.80,117.30
1995,Tianjin,8.95,1.00,93.20,115.30
1995,Hebei,64.37,2.20,285.00,115.20
1995,Shanxi,30.77,1.40,107.60,116.90
1995,InnerMongolia,22.84,3.80,85.70,117.50
1995,Liaoning,40.34,2.70,279.30,116.10
1995,Jilin,25.51,2.00,113.70,115.20
1995,Heilongjiang,37.01,2.90,199.10,116.10
1995,Shanghai,13.01,2.60,249.90,118.70
1995,Jiangsu,70.66,2.10,515.50,115.80
1995,Zhejiang,43.70,3.20,355.80,116.60
1995,Anhui,60.00,3.10,181.10,114.80
1995,Fujian,32.27,2.60,209.50,115.20
1995,Jiangxi,40.63,2.10,117.00,116.90
1995,Shandong,87.05,3.20,495.30,117.60
1995,Henan,91.00,2.60,298.80,116.50
1995,Hubei,57.72,3.10,210.90,120.00
1995,Hunan,63.92,3.80,213.20,119.00
1995,Guangdong,73.87,2.60,593.30,114.00
1995,Guangxi,45.43,3.60,149.80,118.40
1995,Hainan,7.24,4.20,36.30,113.50
1995,Chongqing,30.02,,112.30,
1995,Sichuan,91.61,3.70,244.30,118.50
1995,Guizhou,35.08,5.80,63.60,121.40
1995,Yunnan,39.90,2.90,122.20,121.30
1995,Tibet,2.40,,5.60,
1995,Shaanxi,35.13,3.50,103.70,119.00
1995,Gansu,24.38,5.50,55.80,119.80
1995,Qinghai,4.81,7.40,16.80,118.00
1995,Ningxia,5.12,6.40,17.50,117.10
1995,Xinjiang,16.61,3.50,81.50,119.70
1996,Beijing,12.59,0.60,178.90,111.60
1996,Tianjin,8.98,1.00,112.20,109.00
1996,Hebei,64.84,1.90,345.30,107.10
1996,Shanxi,31.09,1.70,129.20,107.90
1996,InnerMongolia,23.07,3.90,102.30,107.60
1996,Liaoning,40.57,3.60,315.80,107.90
1996,Jilin,25.79,2.20,134.70,107.20
1996,Heilongjiang,37.28,3.00,237.10,107.10
1996,Shanghai,13.04,2.60,295.80,109.20
1996,Jiangsu,71.10,2.30,600.40,109.30
1996,Zhejiang,44.00,3.00,418.90,107.90
1996,Anhui,60.54,3.10,209.30,109.90
1996,Fujian,32.61,2.40,248.40,105.90
1996,Jiangxi,41.05,2.30,141.00,108.40
1996,Shandong,87.38,3.50,588.40,109.60
1996,Henan,91.72,2.50,363.50,110.50
1996,Hubei,58.25,3.50,250.00,109.40
1996,Hunan,64.28,3.90,254.00,107.70
1996,Guangdong,75.70,2.50,683.50,107.00
1996,Guangxi,45.89,3.70,169.80,106.50
1996,Hainan,7.34,4.30,39.00,104.30
1996,Chongqing,30.23,,131.50,109.70
1996,Sichuan,82.15,3.70,287.20,109.30
1996,Guizhou,35.55,6.20,72.30,109.10
1996,Yunnan,40.42,2.90,151.80,108.70
1996,Tibet,2.44,,6.50,
1996,Shaanxi,35.43,5.20,121.60,109.70
1996,Gansu,24.67,5.50,72.30,110.20
1996,Qinghai,4.88,7.20,18.40,110.80
1996,Ningxia,5.21,5.20,20.30,106.80
1996,Xinjiang,16.89,3.40,90.10,110.50
1997,Beijing,12.40,0.70,207.60,105.30
1997,Tianjin,9.00,1.30,126.50,103.10
1997,Hebei,65.25,2.00,395.40,103.50
1997,Shanxi,31.41,2.40,147.60,103.10
1997,InnerMongolia,23.26,3.80,115.40,104.50
1997,Liaoning,40.77,3.90,358.30,103.10
1997,Jilin,26.00,2.10,146.40,103.70
1997,Heilongjiang,37.51,2.60,266.80,104.40
1997,Shanghai,13.05,2.70,343.90,102.80
1997,Jiangsu,71.48,2.50,668.00,101.70
1997,Zhejiang,44.22,3.40,468.60,102.80
1997,Anhui,61.09,3.20,234.70,101.30
1997,Fujian,32.82,2.40,287.10,101.70
1997,Jiangxi,41.50,3.00,160.60,102.00
1997,Shandong,87.85,3.40,653.70,102.80
1997,Henan,92.43,2.30,404.10,103.50
1997,Hubei,58.73,3.50,285.60,103.20
1997,Hunan,64.65,3.60,284.90,102.80
1997,Guangdong,77.80,2.70,777.50,101.90
1997,Guangxi,46.33,4.20,181.70,100.80
1997,Hainan,7.43,4.30,41.10,100.80
1997,Chongqing,30.43,2.90,151.00,103.10
1997,Sichuan,82.65,3.90,324.10,105.10
1997,Guizhou,36.06,6.50,80.60,103.40
1997,Yunnan,40.94,2.80,167.60,104.30
1997,Tibet,2.48,,7.70,
1997,Shaanxi,35.70,6.40,136.40,104.80
1997,Gansu,24.94,5.20,79.40,102.90
1997,Qinghai,4.96,7.40,20.30,104.80
1997,Ningxia,5.29,4.80,22.50,103.80
1997,Xinjiang,17.18,3.70,104.00,103.70
1998,Beijing,12.46,0.70,237.60,102.40
1998,Tianjin,9.05,1.40,137.50,99.50
1998,Hebei,65.69,2.30,425.60,98.40
1998,Shanxi,31.72,2.20,161.10,98.60
1998,InnerMongolia,23.45,3.10,126.30,99.30
1998,Liaoning,40.90,3.40,388.20,99.30
1998,Jilin,26.03,3.10,157.70,99.20
1998,Heilongjiang,37.73,2.40,277.40,100.40
1998,Shanghai,13.07,2.80,380.10,100.00
1998,Jiangsu,71.82,2.60,720.00,99.40
1998,Zhejiang,44.47,3.20,505.30,99.70
1998,Anhui,61.52,3.20,254.30,100.00
1998,Fujian,32.99,2.10,316.00,99.70
1998,Jiangxi,41.91,2.50,172.00,101.00
1998,Shandong,88.38,3.30,702.10,99.40
1998,Henan,93.15,2.60,430.80,97.50
1998,Hubei,59.07,3.30,311.40,98.40
1998,Hunan,65.02,3.90,302.60,100.20
1998,Guangdong,79.90,2.30,853.10,98.20
1998,Guangxi,46.75,3.20,191.10,97.00
1998,Hainan,7.53,3.30,44.20,97.30
1998,Chongqing,30.60,3.50,160.20,96.40
1998,Sichuan,83.16,3.70,347.40,99.60
1998,Guizhou,36.58,3.80,85.80,100.10
1998,Yunnan,41.44,2.20,183.10,101.70
1998,Tibet,2.52,,9.20,100.70
1998,Shaanxi,35.96,3.10,145.80,98.40
1998,Gansu,25.19,3.30,88.80,99.00
1998,Qinghai,5.03,2.50,22.10,100.70
1998,Ningxia,5.37,4.70,24.50,100.00
1998,Xinjiang,17.47,3.90,110.70,100.20
1999,Beijing,12.57,0.60,267.80,100.60
1999,Tianjin,9.10,2.90,150.10,98.90
1999,Hebei,66.14,2.50,451.40,98.10
1999,Shanxi,32.04,2.10,166.70,99.60
1999,InnerMongolia,23.62,3.10,137.90,99.80
1999,Liaoning,41.03,3.50,417.20,98.60
1999,Jilin,26.16,3.30,168.20,98.00
1999,Heilongjiang,37.92,2.50,286.60,96.80
1999,Shanghai,13.13,3.40,418.90,101.50
1999,Jiangsu,72.13,2.80,769.80,98.70
1999,Zhejiang,44.67,3.50,544.40,98.80
1999,Anhui,62.05,3.20,271.20,97.80
1999,Fujian,33.16,2.20,341.40,99.10
1999,Jiangxi,42.31,2.60,185.40,98.60
1999,Shandong,88.83,3.20,749.40,99.30
1999,Henan,93.87,2.60,451.80,96.90
1999,Hubei,59.38,3.30,322.90,97.80
1999,Hunan,65.32,3.90,321.50,100.50
1999,Guangdong,82.18,2.30,925.10,98.20
1999,Guangxi,47.13,3.30,197.10,97.70
1999,Hainan,7.62,3.20,47.70,98.30
1999,Chongqing,30.72,3.50,166.30,99.30
1999,Sichuan,83.59,3.70,364.90,98.50
1999,Guizhou,37.10,4.00,93.80,99.20
1999,Yunnan,41.92,2.50,190.00,99.70
1999,Tibet,2.56,,10.60,100.00
1999,Shaanxi,36.18,2.60,159.30,97.80
1999,Gansu,25.43,2.80,95.60,97.60
1999,Qinghai,5.10,2.50,23.90,99.50
1999,Ningxia,5.43,4.50,26.50,98.70
1999,Xinjiang,17.75,3.70,116.30,97.40
2000,Beijing,13.64,0.80,316.10,103.50
2000,Tianjin,9.12,3.20,170.20,99.60
2000,Hebei,66.74,2.80,504.40,99.70
2000,Shanxi,32.48,2.20,184.60,103.90
2000,InnerMongolia,23.72,3.30,153.90,101.30
2000,Liaoning,41.35,3.70,466.90,99.90
2000,Jilin,26.27,3.70,195.20,98.60
2000,Heilongjiang,38.07,3.30,315.10,98.30
2000,Shanghai,13.22,3.50,477.10,102.50
2000,Jiangsu,73.27,3.20,855.40,100.10
2000,Zhejiang,45.01,3.50,614.10,101.00
2000,Anhui,62.78,3.30,290.20,100.70
2000,Fujian,34.10,2.60,376.50,102.10
2000,Jiangxi,41.49,2.90,200.30,100.30
2000,Shandong,89.97,3.20,833.70,100.20
2000,Henan,94.88,2.60,505.30,99.20
2000,Hubei,59.60,3.50,354.50,99.00
2000,Hunan,65.62,3.70,355.10,101.40
2000,Guangdong,86.50,2.50,1074.10,101.40
2000,Guangxi,47.51,3.20,208.00,99.70
2000,Hainan,7.88,3.20,52.70,101.10
2000,Chongqing,30.91,3.50,179.10,96.70
2000,Sichuan,84.08,4.00,392.80,100.10
2000,Guizhou,37.56,3.80,103.00,99.50
2000,Yunnan,42.41,2.60,201.10,97.90
2000,Tibet,2.60,4.10,11.80,99.90
2000,Shaanxi,36.44,2.70,180.40,99.50
2000,Gansu,25.57,2.70,105.30,99.50
2000,Qinghai,5.17,2.40,26.40,99.50
2000,Ningxia,5.54,4.60,29.50,99.60
2000,Xinjiang,18.49,3.80,136.40,99.40
2001,Beijing,13.85,1.20,371.10,103.10
2001,Tianjin,9.14,3.60,191.90,101.20
2001,Hebei,66.99,3.20,551.70,100.50
2001,Shanxi,32.72,2.60,203.00,99.80
2001,InnerMongolia,23.78,3.70,171.40,100.60
2001,Liaoning,41.47,3.20,503.30,100.00
2001,Jilin,26.37,3.10,212.00,101.30
2001,Heilongjiang,38.11,4.70,339.00,100.80
2001,Shanghai,13.27,4.00,521.00,100.00
2001,Jiangsu,73.59,3.60,945.70,100.80
2001,Zhejiang,45.20,3.70,689.80,99.80
2001,Anhui,63.25,3.70,324.70,100.50
2001,Fujian,34.40,3.80,407.30,98.70
2001,Jiangxi,41.86,3.30,217.60,99.50
2001,Shandong,90.41,3.30,919.50,101.80
2001,Henan,95.55,2.80,553.30,100.70
2001,Hubei,59.75,4.00,388.10,100.30
2001,Hunan,65.96,4.00,383.20,99.10
2001,Guangdong,87.33,2.90,1203.90,99.30
2001,Guangxi,47.88,3.50,227.90,100.60
2001,Hainan,7.96,3.40,57.90,98.50
2001,Chongqing,30.98,3.90,197.70,101.70
2001,Sichuan,84.37,4.30,429.40,102.10
2001,Guizhou,37.99,4.00,113.30,101.80
2001,Yunnan,42.87,3.30,213.80,99.10
2001,Tibet,2.63,,13.90,100.10
2001,Shaanxi,36.59,3.20,201.10,101.00
2001,Gansu,25.75,2.80,112.50,104.00
2001,Qinghai,5.23,3.50,30.00,102.60
2001,Ningxia,5.63,4.40,33.70,101.60
2001,Xinjiang,18.76,3.70,149.20,104.00
2002,Beijing,14.23,1.40,433.00,98.20
2002,Tianjin,9.19,3.90,215.10,99.60
2002,Hebei,67.35,3.60,601.80,99.00
2002,Shanxi,32.94,3.40,232.50,98.40
2002,InnerMongolia,23.79,4.10,194.10,100.20
2002,Liaoning,41.55,6.50,545.80,98.90
2002,Jilin,26.49,3.60,234.60,99.50
2002,Heilongjiang,38.13,4.90,363.70,99.30
2002,Shanghai,13.34,4.80,574.10,100.50
2002,Jiangsu,74.06,4.20,1060.70,99.20
2002,Zhejiang,45.36,4.20,800.40,99.10
2002,Anhui,63.69,4.00,352.00,99.00
2002,Fujian,34.66,4.20,446.80,99.50
2002,Jiangxi,42.22,3.40,245.00,100.10
2002,Shandong,90.82,3.60,1027.60,99.30
2002,Henan,96.13,2.90,603.50,100.10
2002,Hubei,59.88,4.30,421.30,99.60
2002,Hunan,66.29,4.00,415.20,99.50
2002,Guangdong,88.42,3.10,1350.20,98.60
2002,Guangxi,48.22,3.70,252.40,99.10
2002,Hainan,8.03,3.10,64.30,99.50
2002,Chongqing,31.14,4.10,223.30,99.60
2002,Sichuan,84.75,4.50,472.50,99.70
2002,Guizhou,38.37,4.10,124.30,99.00
2002,Yunnan,43.33,4.00,231.30,99.80
2002,Tibet,2.67,4.90,16.20,100.40
2002,Shaanxi,36.74,3.30,225.30,98.90
2002,Gansu,25.93,3.20,123.20,100.00
2002,Qinghai,5.29,3.60,34.10,102.30
2002,Ningxia,5.72,4.40,37.70,99.40
2002,Xinjiang,19.05,3.70,161.30,99.40
2003,Beijing,14.56,1.40,502.40,100.20
2003,Tianjin,9.26,3.80,257.80,101.00
2003,Hebei,67.69,3.90,692.10,102.20
2003,Shanxi,33.14,3.00,285.50,101.80
2003,InnerMongolia,23.80,4.50,238.80,102.20
2003,Liaoning,41.62,6.50,600.30,101.70
2003,Jilin,26.59,4.30,266.20,101.20
2003,Heilongjiang,38.15,4.20,405.70,100.90
2003,Shanghai,13.42,4.90,669.40,100.10
2003,Jiangsu,74.58,4.10,1244.30,101.00
2003,Zhejiang,45.52,4.20,970.50,101.90
2003,Anhui,64.10,4.10,392.30,101.70
2003,Fujian,34.88,4.10,498.40,100.80
2003,Jiangxi,42.54,3.60,280.70,100.80
2003,Shandong,91.25,3.60,1207.80,101.10
2003,Henan,96.67,3.10,686.80,101.60
2003,Hubei,60.02,4.30,475.70,102.20
2003,Hunan,66.63,3.80,466.00,102.40
2003,Guangdong,89.63,2.90,1584.50,100.60
2003,Guangxi,48.57,3.60,282.10,101.10
2003,Hainan,8.11,3.40,71.40,100.10
2003,Chongqing,31.30,4.10,255.60,100.60
2003,Sichuan,85.29,4.40,533.30,101.70
2003,Guizhou,38.70,4.00,142.60,101.20
2003,Yunnan,43.76,4.10,255.60,101.20
2003,Tibet,2.70,,18.50,100.90
2003,Shaanxi,36.90,3.50,258.80,101.70
2003,Gansu,26.03,3.40,140.00,101.10
2003,Qinghai,5.34,3.80,39.00,102.00
2003,Ningxia,5.80,4.40,45.50,101.70
2003,Xinjiang,19.34,3.50,188.60,100.40
2004,Beijing,14.93,1.30,606.00,101.00
2004,Tianjin,9.33,3.80,311.10,102.30
2004,Hebei,68.09,4.00,847.80,104.30
2004,Shanxi,33.35,3.10,357.10,104.10
2004,InnerMongolia,23.84,4.60,304.10,102.90
2004,Liaoning,41.73,6.50,667.20,103.50
2004,Jilin,26.62,4.20,312.20,104.10
2004,Heilongjiang,38.17,4.50,475.10,103.80
2004,Shanghai,13.52,4.50,807.30,102.20
2004,Jiangsu,75.23,3.80,1500.40,104.10
2004,Zhejiang,45.77,4.10,1164.90,103.90
2004,Anhui,64.61,4.20,475.90,104.50
2004,Fujian,35.11,4.00,576.30,104.00
2004,Jiangxi,42.84,3.60,345.70,103.50
2004,Shandong,91.80,3.40,1502.20,103.60
2004,Henan,97.17,3.40,855.40,105.40
2004,Hubei,60.16,4.20,563.30,104.90
2004,Hunan,66.98,4.40,564.20,105.10
2004,Guangdong,91.11,2.70,1886.50,103.00
2004,Guangxi,48.89,4.10,343.40,104.40
2004,Hainan,8.18,3.40,82.00,104.40
2004,Chongqing,31.44,4.10,303.50,103.70
2004,Sichuan,85.95,4.40,638.00,104.90
2004,Guizhou,39.04,4.10,167.80,104.00
2004,Yunnan,44.15,4.30,308.20,106.00
2004,Tibet,2.74,4.00,22.00,102.70
2004,Shaanxi,37.05,3.80,317.60,103.10
2004,Gansu,26.19,3.40,168.80,102.30
2004,Qinghai,5.39,3.90,46.60,103.20
2004,Ningxia,5.88,4.50,53.70,103.70
2004,Xinjiang,19.63,3.50,220.90,102.70
2005,Beijing,15.38,2.10,697.00,101.50
2005,Tianjin,9.39,3.70,390.60,101.50
2005,Hebei,68.51,3.90,1009.60,101.80
2005,Shanxi,33.55,3.00,418.00,102.30
2005,InnerMongolia,23.86,4.30,389.60,102.40
2005,Liaoning,41.89,5.60,800.90,101.40
2005,Jilin,26.69,4.20,362.00,101.50
2005,Heilongjiang,38.20,4.40,551.20,101.20
2005,Shanghai,13.60,4.40,924.80,101.00
2005,Jiangsu,75.88,3.60,1859.90,102.10
2005,Zhejiang,46.02,3.70,1343.80,101.30
2005,Anhui,65.16,4.40,537.50,101.40
2005,Fujian,35.35,4.00,656.90,102.20
2005,Jiangxi,43.11,3.50,405.70,101.70
2005,Shandong,92.48,3.30,1836.70,101.70
2005,Henan,97.68,3.50,1058.70,102.10
2005,Hubei,60.31,4.30,652.00,102.90
2005,Hunan,67.32,4.30,651.10,102.30
2005,Guangdong,91.94,2.60,2236.70,102.30
2005,Guangxi,46.60,4.20,407.60,102.40
2005,Hainan,8.28,3.60,90.50,101.50
2005,Chongqing,31.69,4.10,346.80,100.80
2005,Sichuan,82.12,4.60,738.50,101.70
2005,Guizhou,37.30,4.20,197.90,101.00
2005,Yunnan,44.50,4.20,347.30,101.40
2005,Tibet,2.77,4.30,25.10,101.50
2005,Shaanxi,37.20,4.20,377.30,101.20
2005,Gansu,25.94,3.30,193.40,101.70
2005,Qinghai,5.43,3.90,54.30,100.80
2005,Ningxia,5.96,4.50,60.60,101.50
2005,Xinjiang,20.10,3.90,260.40,100.70
2006,Beijing,15.81,2.00,811.80,100.90
2006,Tianjin,9.49,3.60,446.30,101.50
2006,Hebei,68.98,3.80,1151.60,101.70
2006,Shanxi,33.75,3.20,471.50,102.00
2006,InnerMongolia,23.92,4.10,484.20,101.50
2006,Liaoning,42.10,5.10,925.10,101.20
2006,Jilin,26.80,4.20,427.50,101.40
2006,Heilongjiang,38.23,4.40,620.10,101.90
2006,Shanghai,13.68,4.40,1057.20,101.20
2006,Jiangsu,76.56,3.40,2174.20,101.60
2006,Zhejiang,46.29,3.50,1574.30,101.10
2006,Anhui,65.93,4.30,613.10,101.20
2006,Fujian,35.58,3.90,758.40,100.80
2006,Jiangxi,43.39,3.60,482.10,101.20
2006,Shandong,93.09,3.30,2190.00,101.00
2006,Henan,98.20,3.50,1236.30,101.30
2006,Hubei,60.50,4.20,758.10,101.60
2006,Hunan,67.68,4.30,756.90,101.40
2006,Guangdong,94.42,2.60,2616.00,101.80
2006,Guangxi,47.19,4.20,482.90,101.30
2006,Hainan,8.36,3.60,103.20,101.50
2006,Chongqing,31.99,4.00,390.70,102.40
2006,Sichuan,81.69,4.50,863.80,102.30
2006,Guizhou,37.57,4.10,227.10,101.70
2006,Yunnan,44.83,4.30,400.70,101.90
2006,Tibet,2.81,,29.10,102.00
2006,Shaanxi,37.35,4.00,452.40,101.50
2006,Gansu,26.06,3.60,227.70,101.30
2006,Qinghai,5.48,3.90,64.00,101.60
2006,Ningxia,6.04,4.30,71.10,101.90
2006,Xinjiang,20.50,3.90,304.50,101.30
2007,Beijing,16.33,1.80,984.70,102.40
2007,Tianjin,9.59,3.60,525.30,104.20
2007,Hebei,69.43,3.80,1371.00,104.70
2007,Shanxi,33.93,3.20,573.30,104.60
2007,InnerMongolia,24.05,4.00,609.10,104.60
2007,Liaoning,42.32,4.30,1102.40,105.10
2007,Jilin,26.96,3.90,528.50,105.30
2007,Heilongjiang,38.24,4.30,706.50,105.20
2007,Shanghai,13.79,4.20,1249.40,103.20
2007,Jiangsu,77.23,3.20,2601.80,104.30
2007,Zhejiang,46.59,3.30,1878.00,104.20
2007,Anhui,66.76,4.10,736.40,105.30
2007,Fujian,35.81,3.90,924.90,105.20
2007,Jiangxi,43.68,3.40,580.00,104.80
2007,Shandong,93.67,3.20,2577.70,104.40
2007,Henan,98.69,3.40,1501.20,105.40
2007,Hubei,60.70,4.20,923.10,104.80
2007,Hunan,68.06,4.30,920.00,105.60
2007,Guangdong,96.60,2.50,3108.40,103.70
2007,Guangxi,47.68,3.80,595.60,106.10
2007,Hainan,8.45,3.50,122.30,105.10
2007,Chongqing,32.35,4.00,467.60,104.70
2007,Sichuan,81.27,4.20,1050.50,105.90
2007,Guizhou,37.62,4.00,274.20,106.40
2007,Yunnan,45.14,4.20,474.10,105.90
2007,Tibet,2.84,,34.10,103.40
2007,Shaanxi,37.48,4.00,546.60,105.20
2007,Gansu,26.17,3.30,270.40,105.20
2007,Qinghai,5.52,3.80,78.40,106.70
2007,Ningxia,6.10,4.30,88.90,105.50
2007,Xinjiang,20.95,3.90,352.30,105.50
2008,Beijing,16.95,1.80,1111.50,105.10
2008,Tianjin,9.69,3.60,671.90,105.40
2008,Hebei,69.89,4.00,1618.90,106.20
2008,Shanxi,34.11,3.30,705.60,107.20
2008,InnerMongolia,24.14,4.10,776.20,105.70
2008,Liaoning,42.46,3.90,1346.20,104.60
2008,Jilin,27.11,4.00,642.40,105.10
2008,Heilongjiang,38.25,4.20,831.00,105.60
2008,Shanghai,13.91,4.20,1407.00,105.80
2008,Jiangsu,77.62,3.30,3098.20,105.40
2008,Zhejiang,46.88,3.50,2148.70,105.00
2008,Anhui,67.41,3.90,887.40,106.20
2008,Fujian,36.04,3.90,1082.30,104.60
2008,Jiangxi,44.00,3.40,697.10,106.00
2008,Shandong,94.17,3.70,3093.30,105.30
2008,Henan,99.18,3.40,1840.80,107.00
2008,Hubei,61.11,4.20,1132.90,106.30
2008,Hunan,68.45,4.20,1115.70,106.00
2008,Guangdong,98.93,2.60,3679.70,105.60
2008,Guangxi,48.16,3.80,717.20,107.80
2008,Hainan,8.54,3.70,145.90,106.90
2008,Chongqing,32.57,4.00,579.40,105.60
2008,Sichuan,81.38,4.60,1250.60,105.10
2008,Guizhou,37.93,4.00,333.30,107.60
2008,Yunnan,45.43,4.20,570.00,105.70
2008,Tibet,2.87,,39.50,105.70
2008,Shaanxi,37.62,3.90,685.10,106.40
2008,Gansu,26.28,3.20,317.60,108.20
2008,Qinghai,5.54,3.80,96.20,110.10
2008,Ningxia,6.18,4.40,109.90,108.50
2008,Xinjiang,21.31,3.70,420.30,108.10
2009,Beijing,17.55,1.40,1215.30,98.50
2009,Tianjin,12.28,3.60,752.20,99.00
2009,Hebei,70.34,3.90,1723.50,99.30
2009,Shanxi,34.27,3.90,736.60,99.60
2009,InnerMongolia,24.58,4.00,972.60,99.70
2009,Liaoning,42.56,3.90,1521.30,100.00
2009,Jilin,27.20,4.00,727.90,100.10
2009,Heilongjiang,38.26,4.30,858.70,100.20
2009,Shanghai,14.01,4.30,1504.60,99.60
2009,Jiangsu,78.10,3.20,3445.70,99.60
2009,Zhejiang,47.16,3.30,2299.00,98.50
2009,Anhui,67.95,3.90,1006.30,99.10
2009,Fujian,36.66,3.90,1223.70,98.20
2009,Jiangxi,44.32,3.40,765.50,99.30
2009,Shandong,94.70,3.40,3389.70,100.00
2009,Henan,99.67,3.50,1948.00,99.40
2009,Hubei,61.42,4.20,1296.10,99.60
2009,Hunan,69.00,4.10,1293.10,99.60
2009,Guangdong,101.30,2.60,3948.30,97.70
2009,Guangxi,48.56,3.70,770.00,97.90
2009,Hainan,8.64,3.50,164.70,99.30
2009,Chongqing,32.76,4.00,653.00,98.40
2009,Sichuan,81.85,4.30,1415.10,100.80
2009,Guizhou,37.98,3.80,389.40,98.70
2009,Yunnan,45.71,4.30,616.80,100.40
2009,Tibet,2.90,3.80,44.10,101.40
2009,Shaanxi,37.72,3.90,818.70,100.50
2009,Gansu,26.35,3.30,338.20,101.30
2009,Qinghai,5.57,3.80,108.10,102.60
2009,Ningxia,6.25,4.40,133.50,100.70
2009,Xinjiang,21.59,3.80,427.40,100.70
2010,Beijing,19.62,1.40,1411.40,102.40
2010,Tianjin,13.00,3.60,922.40,103.50
2010,Hebei,71.94,3.90,2039.40,103.10
2010,Shanxi,35.74,3.60,908.80,103.00
2010,InnerMongolia,24.72,3.90,1165.50,103.20
2010,Liaoning,42.52,3.60,1845.70,103.00
2010,Jilin,27.24,3.80,866.80,103.70
2010,Heilongjiang,38.33,4.30,1036.90,103.90
2010,Shanghai,14.12,4.40,1716.60,103.10
2010,Jiangsu,78.69,3.20,4142.50,103.80
2010,Zhejiang,47.48,3.20,2772.20,103.80
2010,Anhui,68.27,3.70,1235.90,103.10
2010,Fujian,36.93,3.80,1473.70,103.20
2010,Jiangxi,44.62,3.30,945.10,103.00
2010,Shandong,95.79,3.40,3917.00,102.90
2010,Henan,104.37,3.40,2309.20,103.50
2010,Hubei,61.76,4.20,1596.80,102.90
2010,Hunan,70.90,4.20,1603.80,103.10
2010,Guangdong,104.41,2.50,4601.30,103.10
2010,Guangxi,46.10,3.70,950.20,103.00
2010,Hainan,8.69,3.00,205.20,104.80
2010,Chongqing,33.03,3.90,792.60,103.20
2010,Sichuan,80.58,4.10,1689.90,103.20
2010,Guizhou,34.79,3.60,459.40,102.90
2010,Yunnan,46.02,4.20,722.00,103.70
2010,Tibet,3.00,4.00,50.70,102.20
2010,Shaanxi,37.35,3.90,1002.20,104.00
2010,Gansu,25.60,3.20,411.90,104.10
2010,Qinghai,5.63,3.80,135.00,105.40
2010,Ningxia,6.32,4.40,164.30,104.10
2010,Xinjiang,21.85,3.20,543.70,104.30
2011,Beijing,20.19,1.40,1625.20,105.60
2011,Tianjin,13.55,3.60,1119.10,104.90
2011,Hebei,72.41,3.80,2451.60,105.70
2011,Shanxi,35.93,3.50,1110.00,105.20
2011,InnerMongolia,24.82,3.80,1424.60,105.60
2011,Liaoning,43.83,3.70,2202.60,105.20
2011,Jilin,27.27,3.70,1056.90,105.20
2011,Heilongjiang,38.34,4.10,1258.20,105.80
2011,Shanghai,14.19,3.50,1919.60,105.20
2011,Jiangsu,78.99,3.20,4911.00,105.30
2011,Zhejiang,47.81,3.10,3231.90,105.40
2011,Anhui,68.76,3.70,1530.10,105.60
2011,Fujian,37.20,3.70,1756.00,105.30
2011,Jiangxi,44.88,3.00,1158.40,105.20
2011,Shandong,96.37,3.40,4536.20,105.00
2011,Henan,104.89,3.40,2693.10,105.60
2011,Hubei,61.79,4.10,1959.40,105.80
2011,Hunan,71.36,4.20,1967.00,105.50
2011,Guangdong,105.05,2.50,5321.00,105.30
2011,Guangxi,43.83,3.50,1171.40,105.90
2011,Hainan,8.77,1.70,251.50,106.10
2011,Chongqing,33.30,3.50,1001.10,105.30
2011,Sichuan,80.50,4.20,2102.70,105.30
2011,Guizhou,34.69,3.60,570.20,105.10
2011,Yunnan,46.31,4.10,875.10,104.90
2011,Tibet,3.03,3.20,60.60,105.00
2011,Shaanxi,37.43,3.60,1239.10,105.70
2011,Gansu,25.64,3.10,502.00,105.90
2011,Qinghai,5.68,3.80,163.50,106.10
2011,Ningxia,6.39,4.40,206.10,106.30
2011,Xinjiang,22.09,3.20,657.50,105.90