,,pi_current,pi_next_exp,pi_previous,x_current,new_pi_current,new_pi_next_exp,new_pi_previous,new_x_current
Anhui,1993,14.700000000000005,8.2,8.200000000000003,14.136329844307651,-16.144726557992122,-5.61361375811573,-5.613613758115733,-17.22718395368299
Anhui,1994,26.90000000000001,14.7,14.700000000000005,2.3360285503235048,-17.632439804655053,-17.25315981868076,-17.253159818680754,-18.09104194373401
Anhui,1995,14.799999999999995,27.7,26.90000000000001,10.11929833703232,-16.587598587758745,-38.737956343237,-16.910097952044516,-1.626677778387879
Anhui,1996,9.900000000000006,51.3,14.799999999999995,4.8675978334621846,-4.878175419678871,-14.487393439013186,-15.042178455820263,-2.0535008558935433
Anhui,1997,1.2999999999999972,-9.4,9.900000000000006,5.256501973236865,-4.1721836089445645,-15.138457854882606,-5.355987264560519,2.0382511462539745
Anhui,1998,0.0,0.1,1.2999999999999972,3.288102050304857,0.38258458981705545,14.935081306190616,-4.179655515664305,3.5391364546285695
Anhui,1999,-2.200000000000003,-15.9,0.0,1.7431162456614544,-0.3800550817431752,-2.7330045317528406,0.21014321713115858,6.7279912060610885
Anhui,2000,0.7000000000000028,-2.6,-2.200000000000003,-2.773273102436334,-1.113103832724839,8.971778054141952,-0.3718464539234402,4.489449477950322
Anhui,2001,0.5,-6.6,0.7000000000000028,-3.150225234368122,-1.0822469738202047,-1.3092731110031242,-1.3566476479847454,9.324661892694094
Anhui,2002,-1.0,6.5,0.5,-5.539310970319605,0.512620389844611,-3.3402068999322,-0.8855667752271326,7.784820158475651
Anhui,2003,1.7000000000000028,0.1,-1.0,-8.149445300973596,0.2938773869281059,0.6112337275694317,0.4327473339778456,4.803507688209206
Anhui,2004,4.5,-4.0,1.7000000000000028,-5.623122452996769,-0.9706395185991735,2.8572752683660214,0.259036533274542,4.890270980294299
Anhui,2005,1.4000000000000057,7.1,4.5,-7.014825304205459,-1.6944676579940992,-0.15290523283064605,-0.864746682051225,2.3999064660113554
Anhui,2006,1.2000000000000028,10.1,1.4000000000000057,-7.174695316621211,-0.8313662290726885,-2.9220303198137585,-1.639976523227019,-0.860913115334942
Anhui,2007,5.299999999999997,-4.8,1.2000000000000028,-5.939914323233737,-1.9962172545271808,-3.4164645263405946,-0.805584789574791,-4.023762685208559
Anhui,2008,6.200000000000002,0.8,5.299999999999997,-4.748193464974051,-1.7580324405102623,1.1194748036058544,-1.2124290705189364,-2.64365659200128
Anhui,2009,-0.9000000000000057,13.5,6.200000000000002,-2.142233872743532,0.44828448691198003,1.5664855537397313,0.40671658325728866,-1.4101620074403802
Anhui,2010,3.0999999999999943,8.0,-0.9000000000000057,5.421522246557274,-0.37784765526034003,-0.3529295148478572,0.5147578787928025,0.27373396505263115
Beijing,1993,19.0,9.9,9.900000000000006,27.275555924638482,9.153342123869377,5.384784934360654,5.38478493436066,17.48386655164995
Beijing,1994,24.90000000000001,19.0,19.0,12.449532793178234,8.964701170760684,8.551021926050696,8.551021926050696,6.017219295081282
Beijing,1995,17.299999999999994,37.2,24.90000000000001,9.268362726091397,5.831181573916129,14.036229520080314,7.942898592081939,4.458627515726264
Beijing,1996,11.599999999999996,36.7,17.299999999999994,1.2403138921280572,6.186654405889024,8.297398786429312,6.054369786083171,-2.3051740121272264
Beijing,1997,5.299999999999997,2.1,11.599999999999996,-2.7093051547791163,3.783879991732697,1.9881318136204722,6.467982193945386,-5.2719015017424935
Beijing,1998,2.4000000000000057,0.2,5.299999999999997,-5.299015766029498,2.7964480938790772,6.156618603310751,3.780601861186439,-6.841269120979417
Beijing,1999,0.5999999999999943,-7.3,2.4000000000000057,-7.890239958470772,1.5748115326463257,-1.5372795303484685,2.7917370309916514,-7.7584223179305125
Beijing,2000,3.5,-3.4,0.5999999999999943,-9.003908054320007,3.133538257378122,0.52297967388003,1.5626946627291944,-7.3754109918669135
Beijing,2001,3.0999999999999943,-3.0,3.5,-10.367497442378069,2.923245591938862,-0.9381502214980935,3.166024168550191,-7.340975736657639
Beijing,2002,-1.7999999999999972,9.3,3.0999999999999943,-7.77076166436737,-1.4075707694758266,6.477054132019949,2.948364933002202,-3.9135766704566923
Beijing,2003,0.20000000000000284,2.3,-1.7999999999999972,-7.283746235553139,-0.43418776871084014,2.6589547691529303,-1.4411260010817235,-3.173061887501373
Beijing,2004,1.0,-11.6,0.20000000000000284,-3.399985192214104,-1.2132618780430138,-10.091042621765492,-0.49543746455759,0.3404664935214646
Beijing,2005,1.5,4.2,1.0,-3.9281031825444903,0.5348056760957062,1.2287795860396113,-1.2580262483747913,-0.25217466154742946
Beijing,2006,0.9000000000000057,2.6,1.5,-1.9506448928467532,0.22547186193461882,-2.591491628697173,0.5634098923440962,1.041829678588575
Beijing,2007,2.4000000000000057,2.5,0.9000000000000057,3.496717533182704,-0.2100143815650616,4.0148602516506156,0.26585597689153634,5.43280587229884
Beijing,2008,5.099999999999994,-0.3,2.4000000000000057,-0.12892155416516005,2.9148104246831927,-0.4213068683782307,0.5112830223953643,0.8643905284954101
Beijing,2009,-1.5,5.4,5.099999999999994,0.4018383465699316,-1.158429140772894,1.0722593407219523,3.189530867601844,0.7796145295373946
Beijing,2010,2.4000000000000057,10.5,-1.5,3.915205552207084,1.3703711390055637,8.248852838850812,-1.182889410840749,2.3880754431900515
Fujian,1993,15.400000000000004,5.9,5.900000000000006,10.78019306343549,-14.78211593726575,-8.209687726938197,-8.209687726938194,-22.83014686999438
Fujian,1994,25.3,15.4,15.400000000000004,11.102148645618088,-17.762088529758966,-14.797699154102904,-14.797699154102899,-5.569464163402279
Fujian,1995,15.200000000000005,34.4,25.3,6.772317186393592,-15.420707564606124,-28.058483930748793,-17.880762771841894,-3.97861680296644
Fujian,1996,5.900000000000006,45.1,15.200000000000005,5.3269679506661864,-9.686750175220093,-21.49545101189278,-14.588184651672428,-1.484740895937771
Fujian,1997,1.7000000000000028,-5.0,5.900000000000006,6.345622999043826,-3.362005101723299,-10.430611148387419,-10.010008630247942,3.6935635920993812
Fujian,1998,-0.2999999999999972,-12.7,1.7000000000000028,4.835406358664713,0.5760215556923797,-0.3192500273165192,-3.1375821700958344,4.527757392315128
Fujian,1999,-0.9000000000000057,-6.7,-0.2999999999999972,2.2678600026117834,1.7425072670187265,10.316891055450814,0.5187587849503081,5.954326410683556
Fujian,2000,2.0999999999999943,-4.3,-0.9000000000000057,-1.2116510969800487,1.0954732995136731,8.435979043943773,1.8856073109365616,5.325763282715555
Fujian,2001,-1.2999999999999972,-2.1,2.0999999999999943,-3.3055940848530554,-4.207599331956215,4.857871073061691,1.074345229942294,9.591371661892532
Fujian,2002,-0.5,8.1,-1.2999999999999972,-5.039188272149247,0.9087029686549973,-0.6821695493800752,-4.296108162982639,10.103928036592292
Fujian,2003,0.7999999999999972,-8.1,-0.5,-6.5858974001284185,-1.3103489329880305,-15.455097094670382,0.885190772967714,9.34677832460828
Fujian,2004,4.0,1.1,0.7999999999999972,-7.793297099166168,-2.632033884928154,11.777590377232281,-1.3967870596856813,3.614940193048837
Fujian,2005,2.200000000000003,3.4,4.0,-8.727449133834924,-1.1270737261538786,-6.234899371080137,-2.7464552943003326,1.408754675433227
Fujian,2006,0.7999999999999972,10.4,2.200000000000003,-7.068358729045954,-1.9603684271633535,-5.213774400250736,-1.160525224590125,-0.8992974547774462
Fujian,2007,5.200000000000003,-1.4,0.7999999999999972,-3.932784583607969,-4.004853715508098,1.3429183047765876,-1.8382897454209919,-2.0517873291361255
Fujian,2008,4.599999999999994,-2.0,5.200000000000003,-3.6966653299418373,-9.697826921037503,-3.59968025781596,-5.064926095246517,-1.0861601016125566
Fujian,2009,-1.7999999999999972,14.0,4.599999999999994,-0.04208520775068792,-0.6943397994050065,-16.309630888687245,-12.449066734717281,4.881713399021799
Fujian,2010,3.200000000000003,3.4,-1.7999999999999972,5.908924028347684,-6.376999355035831,-23.046980944595397,-0.6990118565163289,-4.562093567882694
Gansu,1993,15.400000000000004,7.2,7.200000000000002,15.166266188881151,3.194256221067406,1.2521849290541835,1.2521849290541844,1.8334863970053694
Gansu,1994,23.700000000000006,15.4,15.400000000000004,2.670914376096817,5.0722530409484605,3.1031466039608566,3.10314660396086,-5.688984112499233
Gansu,1995,19.8,31.8,23.700000000000006,-4.2597054895749125,7.025419698554192,6.729380059374363,4.889058788223292,-10.688028348476857
Gansu,1996,10.200000000000003,40.3,19.8,2.287207074622557,3.750278058449956,9.298181784049406,7.179857703737708,-1.5371681692863755
Gansu,1997,2.9000000000000057,12.0,10.200000000000003,-0.8820736307612975,0.7604953629697472,11.323861241267004,3.768781552598618,-3.3206228979811008
Gansu,1998,-1.0,-9.0,2.9000000000000057,1.3956267512919425,-0.7391295811550463,-3.735961150120304,0.8691883668564567,0.9377398428889904
Gansu,1999,-2.4000000000000057,-11.7,-1.0,1.0010320029252568,-1.398432302195997,-5.638276522365616,-0.7005284946235165,2.5715993531578443
Gansu,2000,-0.5,-8.8,-2.4000000000000057,0.5096787174542925,-0.845364921520271,-3.8841963501056758,-1.3667460378879042,3.2165280585136893
Gansu,2001,4.0,-5.2,-0.5,-7.419461654610274,3.4555979755208526,-2.6735543327929756,-0.7886784431507199,-2.8327930766142764
Gansu,2002,0.0,3.3,4.0,-9.446203536353153,0.5951927802349791,0.11221716797899427,3.349119444220028,-2.9680338536961175
Gansu,2003,1.0999999999999943,13.0,0.0,-9.250615493089725,0.12319869330556035,11.162921896965791,0.6369497754234816,-2.0994855962197114
Gansu,2004,2.299999999999997,-8.0,1.0999999999999943,-4.6021360765121235,-1.0935605570002538,-4.389369381736663,0.06919739865103146,1.6654771185759791
Gansu,2005,1.7000000000000028,3.3,2.299999999999997,-4.043659877111338,0.18816032774559333,-1.2171957712979682,-1.1650484960042045,0.2942163119139325
Gansu,2006,1.2999999999999972,4.7,1.7000000000000028,-0.038130040436001884,-0.0516155240545979,-3.465654008328459,0.24020784956506863,3.1127511750596675
Gansu,2007,5.200000000000003,0.5,1.2999999999999972,1.5878052039157495,0.6664415886649458,3.129880305110223,-0.09332320456268717,3.886083370003166
Gansu,2008,8.200000000000003,0.5,5.200000000000003,-0.1470745041279855,2.6427398866111016,-0.6243010435993916,0.6377757629262272,1.0713006671732996
Gansu,2009,1.2999999999999972,13.0,8.200000000000003,-4.3998229987064414,1.7889805828101841,0.8124610864955308,1.8728285634634794,-2.2645410331157017
Gansu,2010,4.099999999999993,14.2,1.2999999999999972,2.460268945440916,0.6578869696437396,6.512938401119765,1.7608998957847246,-1.7007520457557708
Guangdong,1993,21.599999999999994,7.3,7.299999999999998,24.57140485184865,15.383551287987832,4.406273309940121,4.406273309940118,18.396623843014083
Guangdong,1994,21.700000000000006,21.6,21.599999999999994,14.179753980869975,13.792208093380847,15.940242930653781,15.940242930653774,10.607439065973873
Guangdong,1995,14.0,50.2,21.700000000000006,10.092935304258232,8.809021046719778,39.35881637327004,14.461842091139083,7.996971378805461
Guangdong,1996,7.0,21.9,14.0,2.661591020364611,4.6837127002667485,10.760591801013362,9.03708057405129,1.190843743801181
Guangdong,1997,1.9000000000000057,-1.4,7.0,-0.1682745718500911,1.1748953293048645,-2.0925392653538717,4.649113595324928,-1.1210349316017447
Guangdong,1998,-1.7999999999999972,-7.0,1.9000000000000057,-2.6315823919770054,-1.5397706183293,-3.934563848538205,1.1637238356308288,-3.043261517848908
Guangdong,1999,-1.7999999999999972,-8.3,-1.7999999999999972,-6.1695343508009435,-1.3371138618619405,-5.685592352887982,-1.5614533020594474,-5.792630184510579
Guangdong,2000,1.4000000000000057,-9.2,-1.7999999999999972,-6.3215348922140455,1.3544756472203596,-6.88630992187479,-1.3178448551094262,-5.232862696066942
Guangdong,2001,-0.7000000000000028,-1.8,1.4000000000000057,-7.860202763653206,-0.9001150158214668,-0.8241260257419357,1.3494816155277898,-5.914199712901436
Guangdong,2002,-1.4000000000000057,7.8,-0.7000000000000028,-8.631438583960332,-1.1399821318419827,6.561180661982543,-0.8986486976020108,-6.222360481297962
Guangdong,2003,0.5999999999999943,-4.9,-1.4000000000000057,-6.909144245371365,0.19668983696928793,-5.298358558552454,-1.1450678594190722,-4.238397142253038
Guangdong,2004,3.0,-2.8,0.5999999999999943,-5.6833811624508,1.6268578966601848,-1.6552009028493204,0.18218821878480249,-3.4982583721292535
Guangdong,2005,2.299999999999997,4.6,3.0,-3.7144048628151434,1.7573776465123805,2.835253903143599,1.6434865636093665,-1.7306071280979247
Guangdong,2006,1.7999999999999972,7.8,2.299999999999997,-1.9582959678082967,1.319628766213424,4.383615781226089,1.7488967791334085,-0.32895764575880604
Guangdong,2007,3.700000000000003,0.9,1.7999999999999972,0.2651715313618581,1.6400908964343166,2.211540531436127,1.2589209992686647,1.5373117063330128
Guangdong,2008,5.599999999999994,0.8,3.700000000000003,1.0680235351612737,2.8070821633869687,0.40916510661623423,1.4951600423359621,1.9230159953304307
Guangdong,2009,-2.299999999999997,7.5,5.599999999999994,0.5734958874797087,-2.064290078009879,2.4563004012127077,2.965905651157976,1.7051150083576365
Guangdong,2010,3.0999999999999943,9.4,-2.299999999999997,3.7766331648632274,1.8856058533092146,6.027033531336624,-2.046820811278919,2.2072040608950205
Guangxi,1993,22.0,5.9,5.900000000000006,12.591876470511124,-3.912842253851234,-5.689738991702447,-5.689738991702443,-13.282664148531534
Guangxi,1994,26.0,22.0,22.0,12.646344335794835,-7.287096982248274,-2.843823347398109,-2.843823347398107,-2.791731972645562
Guangxi,1995,18.400000000000006,54.2,26.0,9.476316329285424,-3.9725523657621284,3.778863714602379,-6.117675929397563,2.5838867461755695
Guangxi,1996,6.5,34.0,18.400000000000006,7.381339017151305,-3.40641415976959,-14.008911319495867,-3.9706224507490475,4.181884667779184
Guangxi,1997,0.7999999999999972,3.2,6.5,4.803900074407609,-2.6765028147600654,-0.0675482818386669,-3.852203967336755,3.9219901274670903
Guangxi,1998,-3.0,-17.3,0.7999999999999972,3.9130178350302174,-1.8287113245325535,-2.525991395065299,-2.544904328600076,4.849123752481235
Guangxi,1999,-2.299999999999997,-10.6,-3.0,-0.3961896699762235,-0.5576399280636883,-0.64940925887495,-1.8655339755726792,2.532105626396536
Guangxi,2000,-0.2999999999999972,-10.6,-2.299999999999997,-5.094634992857081,-0.7982363868641923,-0.2141033909787876,-0.5549978543207637,-1.0039068261965092
Guangxi,2001,0.5999999999999943,-0.9,-0.2999999999999972,-7.7062945328833345,-0.0015419420432736084,2.0042252164203584,-0.7554570942009029,-0.746020239899313
Guangxi,2002,-0.9000000000000057,3.7,0.5999999999999943,-8.614981470943292,0.19863007519902628,-1.3326286033520123,-0.012531617892944913,-0.0715713907115227
Guangxi,2003,1.0999999999999943,2.4,-0.9000000000000057,-10.929474416174829,-0.06534009599000405,1.694291096230646,0.23261901923534323,-2.1806966803082624
Guangxi,2004,4.400000000000006,-3.9,1.0999999999999943,-8.719689679509429,-1.2495287814581175,0.6686167606479154,-0.07191258112132873,0.07010879520714221
Guangxi,2005,2.4000000000000057,5.1,4.400000000000006,-6.976153303256055,0.26335117350064147,-0.7709536667882743,-1.335837559725962,1.2483324899116401
Guangxi,2006,1.2999999999999972,11.0,2.4000000000000057,-4.1134753702986435,-0.8215568562399496,-2.8681068709427957,0.3907733553485355,2.7311852893865467
Guangxi,2007,6.099999999999994,-1.6,1.2999999999999972,-1.2843271367765254,-1.1759195781853211,3.1603380745845118,-0.8606178470422564,3.9970499574239096
Guangxi,2008,7.799999999999998,-0.9,6.099999999999994,-1.7393123271528594,-1.3804142722234225,-3.2112843554074355,-1.0636625514180136,2.7260340490612185
Guangxi,2009,-2.0999999999999943,15.7,7.799999999999998,-3.2814127637502963,-0.8296992161528046,0.5480511860921279,-0.3856489264765279,-2.1589997704495807
Guangxi,2010,3.0,11.2,-2.0999999999999943,4.790233203383792,-1.896466768522482,-1.5774826892881517,-0.7091635933550876,-1.305468090666389
Guizhou,1993,16.0,7.8,7.799999999999998,17.12374995752664,-0.05437277865349489,1.5379097281770246,1.537909728177022,2.7212850944165443
Guizhou,1994,22.8,16.0,16.0,12.0119236633831,2.542030405799535,-0.006077656759519129,-0.006077656759519129,2.4592986696663983
Guizhou,1995,21.400000000000006,32.4,22.8,4.636872074220406,8.757772905713534,-2.9956846739987406,2.497484750121066,-0.38734624851664173
Guizhou,1996,9.099999999999994,36.4,21.400000000000006,1.5408949492145467,4.10954860919536,8.864292770301578,9.356578940513039,-0.8534347397126734
Guizhou,1997,3.4000000000000057,18.6,9.099999999999994,1.220480187140737,2.0544872342091907,21.362100234185057,4.064631680291354,0.7326809743866699
Guizhou,1998,0.09999999999999433,-15.5,3.4000000000000057,-1.2144792965295608,1.5506791974142724,-6.716214089125867,2.1559253405248855,-1.1445950994298841
Guizhou,1999,-0.7999999999999972,-8.0,0.09999999999999433,-1.2232839309842376,0.6062170181844627,-1.8906868623593014,1.6418953273503203,0.35744422233112644
Guizhou,2000,-0.5,-6.5,-0.7999999999999972,-1.8947949037760312,-0.8991331234097176,0.6344068883181074,0.5930099532615778,0.9999696075044879
Guizhou,2001,1.7999999999999972,-2.6,-0.5,-5.421419675870396,1.9927582012347271,-1.5065277015809635,-0.8748839190072868,-1.5230656196605226
Guizhou,2002,-1.0,0.1,1.7999999999999972,-7.175419376700603,-0.4378821452456852,-3.7242121188254926,1.977685198866361,-2.7120317989189395
Guizhou,2003,1.2000000000000028,6.4,-1.0,-7.276682640271886,0.66311804218249,7.68973703376522,-0.45177168731911677,-2.4197998868147423
Guizhou,2004,4.0,-6.6,1.2000000000000028,-7.80168019058236,1.0832672935733174,-5.255498478444542,0.6436287193975605,-3.273743043599942
Guizhou,2005,1.0,5.6,4.0,-5.341418286908407,-0.35129462415891904,2.8065033598202587,1.0781272674567515,-0.9451583456120889
Guizhou,2006,1.7000000000000028,9.6,1.0,-5.901285089806521,0.6190929192113095,1.7279607534878318,-0.36747138508464633,-2.401030590038263
Guizhou,2007,6.400000000000006,-5.0,1.7000000000000028,-5.5308258909726655,2.6776992038906307,-3.1732736635647156,0.6481418891477402,-3.3779552689780443
Guizhou,2008,7.599999999999994,3.1,6.400000000000006,-5.039363841171267,2.506822120025493,2.7295534227557257,2.5192115119836895,-3.2722070611714176
Guizhou,2009,-1.2999999999999972,15.8,7.599999999999994,0.6652640509680481,-0.3246976108311483,6.3457569476255795,2.506021286778948,2.270965607920593
Guizhou,2010,2.9000000000000057,10.0,-1.2999999999999972,4.213850303830043,0.2583691081972125,2.660017854175654,-0.32175421816627653,0.7764105575937892
Hainan,1993,23.3,8.7,8.700000000000003,19.24234696414216,-9.812158279728852,-5.0820038953459,-5.082003895345899,-14.676291360159018
Hainan,1994,26.700000000000006,23.3,23.3,12.568087569761847,-17.318253402925137,-9.40729471847417,-9.407294718474166,-9.49605490429876
Hainan,1995,13.5,52.5,26.700000000000006,1.8370673343447947,-18.245900223842188,-16.717921485837326,-17.139700872799587,-13.605023586133445
Hainan,1996,4.299999999999997,33.5,13.5,-2.035929006513854,-9.417933475400853,-28.717534032905647,-15.858401483916419,-10.602988300682453
Hainan,1997,0.7999999999999972,-12.9,4.299999999999997,-4.637386749601447,-3.778418949179779,-19.881857399704295,-10.11834984473685,-10.087594543394905
Hainan,1998,-2.700000000000003,-14.1,0.7999999999999972,-2.7324649167327517,-0.7682024202648194,4.8003051265799765,-3.673862566634745,-3.907933126765516
Hainan,1999,-1.7000000000000028,-6.2,-2.700000000000003,-2.276888241643576,1.0568998194874177,8.382291379715143,-0.806362064353542,1.4786001766380485
Hainan,2000,1.0999999999999943,-9.7,-1.7000000000000028,-2.878649788315641,0.7826464689142024,3.791147513782039,0.8954430134152869,3.352857587371981
Hainan,2001,-1.5,0.3,1.0999999999999943,-2.0586665320067965,-2.4599390047067398,4.314786592259838,0.8390734115885501,7.995014622211213
Hainan,2002,-0.5,6.7,-1.5,-1.8111950393344076,0.7692921780614844,1.397842249506181,-2.3832714535516337,9.54390308982486
Hainan,2003,0.09999999999999433,-6.7,-0.5,-2.3797309015753427,-1.3420966746961067,-8.393994249192643,0.6489966336832179,8.305328665337083
Hainan,2004,4.400000000000006,1.5,0.09999999999999433,-4.030742940902768,-0.600628266041694,6.760775964142544,-1.4170065063327741,5.587391432757406
Hainan,2005,1.5,1.3,4.400000000000006,-6.737538351936891,-0.9176571052746351,-5.66222177975968,-0.6050470508000286,0.4160217852274042
Hainan,2006,1.5,13.0,1.5,-6.333756281641443,-0.5413863459577197,0.7116402134098453,-0.9398412162230456,-0.8236260373663421
Hainan,2007,5.099999999999994,-4.3,1.5,-5.33558139756704,-1.7900071092913883,-1.4397158553432692,-0.5021124341594061,-2.162316518960148
Hainan,2008,6.900000000000006,1.5,5.099999999999994,-5.0049301747003065,-1.5866208384593032,0.2614195657939998,-1.6152193669006043,-2.804451091206149
Hainan,2009,-0.7000000000000028,12.3,6.900000000000006,-2.4311714389251904,1.3554823470474475,-6.299715661612362,-2.7279335640631306,-1.1215059802563214
Hainan,2010,4.799999999999997,10.5,-0.7000000000000028,5.520075000384112,0.6537438346878812,-2.654570427518471,1.3543929870166806,-0.31446545568223566
Hebei,1993,13.799999999999995,6.1,6.099999999999994,17.288359571723035,1.4409626682015702,-0.5200576062519235,-0.5200576062519302,1.6605995833510063
Hebei,1994,22.599999999999994,13.8,13.799999999999995,6.644445210044452,2.5080705376806542,1.76807466706552,1.768074667065512,-2.450574722347413
Hebei,1995,15.200000000000005,29.2,22.599999999999994,5.523702495558653,1.6909625128219736,6.648344740755066,3.776485747386557,-0.7243408177840175
Hebei,1996,7.099999999999994,40.2,15.200000000000005,5.480548015492432,0.684213577932318,9.322059131772127,2.6238766705628,0.98086105799641
Hebei,1997,3.5,0.4,7.099999999999994,3.6365134647710136,1.2822250827041604,-1.881000476763238,1.5170717845836026,1.0400184120751486
Hebei,1998,-1.5999999999999943,-9.1,3.5,0.8926738423557197,-1.1590860060108727,-4.068830322947538,1.4760088119254162,0.07535730868406851
Hebei,1999,-1.9000000000000057,-3.7,-1.5999999999999943,-2.940094443435157,-1.0641316423166607,-0.39960934200197606,-1.2688103934686121,-2.0128461032397778
Hebei,2000,-0.2999999999999972,-11.8,-1.9000000000000057,-3.3612680471322847,-0.22984328638785662,-7.579046889035004,-1.0877488880788673,-1.9959327707104766
Hebei,2001,0.5,-2.5,-0.2999999999999972,-6.737750692002408,0.19756349543662466,-0.8797423854199454,-0.2334616567633568,-3.8825023052219025
Hebei,2002,-1.0,2.9,0.5,-9.005918114474156,-0.8117978199198002,1.562282015621553,0.22047619065048532,-5.292312127784454
Hebei,2003,2.200000000000003,2.1,-1.0,-9.38042735960424,1.642650716362336,1.3816045304130815,-0.8273156567517997,-5.761237109860893
Hebei,2004,4.299999999999997,-4.0,2.200000000000003,-5.718183483418244,2.7088515778191815,-2.8789116447690235,1.6262012764803493,-2.5272590859139723
Hebei,2005,1.7999999999999972,8.6,4.299999999999997,-2.005616640380083,1.0742139511223865,6.514148609332611,2.7482330141992937,0.3404381414000146
Hebei,2006,1.7000000000000028,8.5,1.7999999999999972,-1.9224607797413429,1.1235529518146619,4.9925627460363025,1.0755659127896229,-0.08102548661363647
Hebei,2007,4.700000000000003,-3.2,1.7000000000000028,0.06013300352998385,2.9286629775851347,-2.395157459873584,1.1779184405274263,1.2382257248232214
Hebei,2008,6.200000000000002,1.5,4.700000000000003,0.4381100438509691,4.2956282537194035,1.3144983595334636,3.1708326083935656,0.83763098221857
Hebei,2009,-0.7000000000000028,10.7,6.200000000000002,-2.1554529055831324,-0.601811829958742,7.628509194875585,4.6150530592062164,-1.8881499882518629
Hebei,2010,3.0999999999999943,9.2,-0.7000000000000028,2.6956742636232316,2.2481615647421855,7.039414376905461,-0.612131315006392,1.4945800810683165
Heilongjiang,1993,14.799999999999995,9.2,9.200000000000003,7.071744252210437,-13.243067328260313,-4.63458110652075,-4.634581106520748,-21.168331681415918
Heilongjiang,1994,21.90000000000001,14.8,14.799999999999995,6.281966421502986,-21.281112467585583,-14.287929791728326,-14.287929791728331,-12.733768891702669
Heilongjiang,1995,16.099999999999994,26.0,21.90000000000001,3.3815278755660074,-16.64237586199316,-35.31918275091951,-22.95107187270981,-8.80414683828943
Heilongjiang,1996,7.099999999999994,36.1,16.099999999999994,5.047625033104282,-9.597386606602022,-39.82729220171473,-17.63224744254708,-4.449712008421436
Heilongjiang,1997,4.400000000000006,4.5,7.099999999999994,3.740850263781724,-1.311959204590381,-3.9704092990216844,-8.46295636214273,-3.0540736048307506
Heilongjiang,1998,0.4000000000000057,-10.9,4.400000000000006,-1.5227534801554867,1.6938731831636482,4.772776467081117,-0.9532722918691241,-5.343681571744524
Heilongjiang,1999,-3.200000000000003,-1.0,0.4000000000000057,-3.843501535688716,-0.6405121732223439,13.195759848143895,1.7037736812768216,-1.9084011032942139
Heilongjiang,2000,-1.7000000000000028,-7.6,-3.200000000000003,-1.8553063555479383,-1.543405326797997,6.229401360327181,-0.6079297860041469,2.222174089674247
Heilongjiang,2001,0.7999999999999972,-10.4,-1.7000000000000028,-4.67775221372068,-0.6261442335453823,-4.993617449573164,-1.5199956438102231,4.921262250977888
Heilongjiang,2002,-0.7000000000000028,1.3,0.7999999999999972,-6.502890515109755,0.05604127749660874,-3.5873378053691876,-0.6738838959260537,6.959818683700328
Heilongjiang,2003,0.9000000000000057,5.8,-0.7000000000000028,-6.324401901117014,-1.5718598141543179,1.087712439563546,0.05385743227475797,8.35308362510888
Heilongjiang,2004,3.799999999999997,-3.7,0.9000000000000057,-4.296151319981959,-2.966715658286827,1.7262141460700697,-1.535577246491165,8.410072577331949
Heilongjiang,2005,1.2000000000000028,4.1,3.799999999999997,-0.5389642518281761,-1.936526813736001,-4.430383646733675,-2.8184848239042677,9.589684671466841
Heilongjiang,2006,1.9000000000000057,9.6,1.2000000000000028,-0.21748912720715907,-0.514107411726008,-4.434269236369764,-1.7607504971234809,7.3974293248219825
Heilongjiang,2007,5.200000000000003,-4.0,1.9000000000000057,-1.5078700337057709,-2.1871761254512467,-0.760111497471004,-0.3996999304495436,3.543862723213178
Heilongjiang,2008,5.599999999999994,3.3,5.200000000000003,0.3737598723293303,-2.4220975193639966,2.247515666514254,-1.3028826646522298,2.9045641888914293
Heilongjiang,2009,0.20000000000000284,11.8,5.599999999999994,-4.88393196987694,0.45929372091697285,-0.48680138845947646,-0.8468915253593485,-3.081500271381227
Heilongjiang,2010,3.9000000000000057,6.4,0.20000000000000284,2.0358166691417665,0.31968009475892883,-2.9572094325294636,0.4520856366359636,-3.280193357621724
Henan,1993,10.400000000000006,5.4,5.400000000000006,18.34853674259745,-1.345684014137632,-0.7576356632668154,-0.7576356632668101,2.853173170246262
Henan,1994,25.200000000000006,10.4,10.400000000000006,9.42471879673296,5.74476083916789,-2.395388801838895,-2.395388801838888,-1.7079464077898205
Henan,1995,16.5,20.4,25.200000000000006,11.323379038887609,0.9736170279969297,-6.596256402083965,4.039496676532963,2.818678983424744
Henan,1996,10.5,54.8,16.5,8.622076637740221,2.7215375301513074,16.332947386064376,-0.27965883622298005,0.5393860615233993
Henan,1997,3.5,-0.9,10.5,3.8087993154532005,0.5903156092123502,-4.934407482197686,3.696252507503039,-1.3438722314401395
Henan,1998,-2.5,-1.5,3.5,0.9816381049538164,-2.060562094742848,7.112018816751863,0.6703218779953071,-1.54191927338059
Henan,1999,-3.0999999999999943,-10.5,-2.5,-3.0113869553509858,-2.231075394732448,-5.224382264027794,-2.0670920556519774,-2.261747917711813
Henan,2000,-0.7999999999999972,-14.5,-3.0999999999999943,-3.3090296910832815,-1.0372845316068882,-7.659157244146124,-2.222446403458463,-0.9654796548671812
Henan,2001,0.7000000000000028,-4.3,-0.7999999999999972,-7.380823136745889,0.3286898189722125,-2.557816374181849,-1.0242160750277582,-2.059242066058368
Henan,2002,0.09999999999999433,3.8,0.7000000000000028,-11.360410160882056,0.4565414552046756,1.3434966315609511,0.2867346758560667,-3.700235685218928
Henan,2003,1.5999999999999943,3.7,0.09999999999999433,-12.954203027142114,0.1534075299564969,2.671706308824568,0.4655861121047517,-4.668535584078402
Henan,2004,5.400000000000006,-1.1,1.5999999999999943,-9.762347639905073,2.118328131891112,0.9768024252863835,0.1829660460838826,-2.6916818557547715
Henan,2005,2.0999999999999943,4.6,5.400000000000006,-3.750670504669003,0.5342152458141333,-0.2551841908658753,2.22086446669809,1.4681345137093345
Henan,2006,1.2999999999999972,13.0,2.0999999999999943,-1.8799703605180296,0.05498382803894994,6.254109361339393,0.5326127437000103,2.4372781814235935
Henan,2007,5.400000000000006,-4.5,1.2999999999999972,0.6445185559781805,1.6752296671233222,-2.9917809067717815,0.12994679286349814,3.532176760922911
Henan,2008,7.0,-0.3,5.400000000000006,3.4618692713295616,2.995528625447765,-0.6939996799833821,2.164769543108763,4.962247323067669
Henan,2009,-0.5999999999999943,13.6,7.0,-0.40238305685103626,-0.420970135917433,7.208737938858944,3.701913381559465,-0.08559309111049702
Henan,2010,3.5,10.2,-0.5999999999999943,3.9348784733835633,1.7377299205361387,5.834829571310098,-0.4146700921672922,1.0507626927704425
Hubei,1993,18.400000000000006,9.6,9.599999999999994,14.181158197365944,11.868544708149653,6.14476774588086,6.144767745880854,6.836349429858304
Hubei,1994,25.3,18.4,18.400000000000006,7.464139488310707,14.677453771568885,11.570486336144814,11.570486336144821,2.3072913085027436
Hubei,1995,20.0,36.0,25.3,2.2962403413475267,12.105245518605965,22.078013747210466,14.255714019206037,-1.4817085882959575
Hubei,1996,9.400000000000006,39.1,20.0,1.945151714224579,5.323616266421922,19.343223810046908,11.751588532950402,-1.232017648939574
Hubei,1997,3.200000000000003,9.4,9.400000000000006,3.4729628520773166,1.5711592900313212,7.908620142908245,5.433380372003507,1.5062286174210788
Hubei,1998,-1.5999999999999943,-11.8,3.200000000000003,4.529077597031588,-1.367109623835595,-7.515346231502457,1.4900821791796222,4.192512403537202
Hubei,1999,-2.200000000000003,-9.2,-1.5999999999999943,0.4234509247825145,-1.3051880079798948,-5.9908350894129745,-1.34304709605007,1.608489099306191
Hubei,2000,-1.0,-11.2,-2.200000000000003,0.1931353586456908,-0.8894057688795857,-7.286301361252902,-1.3464583754615123,1.7311534004088915
Hubei,2001,0.2999999999999972,-3.4,-1.0,-2.3183287675819315,-0.058173256514790994,-1.3451615199145321,-0.8932626120697598,0.7542557161297259
Hubei,2002,-0.4000000000000057,1.4,0.2999999999999972,-5.473227325219781,-0.1605792392658316,0.14915435227519966,-0.03150677716403732,-1.7250464465967432
Hubei,2003,2.200000000000003,2.9,-0.4000000000000057,-7.735617920742585,1.700609944755781,1.8770802674594438,-0.18986745968285723,-4.21258591080805
Hubei,2004,4.900000000000006,-1.8,2.200000000000003,-8.307981946270843,3.30407865794425,-0.4421319479555599,1.6718843879416387,-5.33205068055517
Hubei,2005,2.9000000000000057,7.4,4.900000000000006,-9.298729820707848,2.2091377003900354,5.334657343634861,3.267574315750742,-7.380234798822075
Hubei,2006,1.5999999999999943,10.3,2.9000000000000057,-8.615085077338463,0.893000393546487,6.219201095527023,2.174121213303996,-7.128320428946951
Hubei,2007,4.799999999999997,-1.1,1.5999999999999943,-6.2250762510042525,2.532662294855743,0.19711903722904803,0.8981030649424244,-5.164706959635206
Hubei,2008,6.299999999999998,-1.0,4.799999999999997,-3.8685704410009407,3.7503683203459115,-1.6014354425466393,2.7090648224804847,-3.494517678998775
Hubei,2009,-0.4000000000000057,11.2,6.299999999999998,-1.2850889838870927,-0.30115876400342584,6.698455160490085,4.010659891833583,-0.47157441592335203
Hubei,2010,2.9000000000000057,9.3,-0.4000000000000057,6.497880144685283,1.521623000275615,6.174166803927398,-0.3225109213606831,5.032774163099147
Hunan,1993,16.799999999999994,10.7,10.700000000000003,11.181897953597968,10.093743051687799,7.195389501238377,7.195389501238379,1.4132326392743564
Hunan,1994,25.3,16.8,16.799999999999994,7.1595153849532105,14.444667566067299,9.96073199100255,9.960731991002541,0.5258924672845753
Hunan,1995,19.0,29.0,25.3,6.5288009194574235,10.915603190710412,15.344904875034393,14.175690009496217,1.6071294450323665
Hunan,1996,7.700000000000002,42.3,19.0,8.093249535037144,3.8484519808055184,23.363229852132697,11.150119151816163,4.1244292621369905
Hunan,1997,2.799999999999997,6.4,7.700000000000002,8.116104224787165,1.1105649965727082,4.470684659119401,3.77591428146457,5.411532085724598
Hunan,1998,0.20000000000000284,-14.9,2.799999999999997,4.6885801885729,0.5883794019845454,-10.776842494851637,1.190247622192032,3.331500299448926
Hunan,1999,0.5,-7.0,0.20000000000000284,0.5844165300252087,1.1551318610534156,-4.455202637605606,0.5848116160809608,0.9927780337492387
Hunan,2000,1.4000000000000057,-5.0,0.5,-1.0835950074488494,1.3416502161741422,-0.5216171540259938,1.1319560998696034,0.3378059448131555
Hunan,2001,-0.9000000000000057,1.1,1.4000000000000057,-3.521512420147701,-1.2145030822994114,2.1791052480152935,1.3241009032212285,-0.1316375287913058
Hunan,2002,-0.5,3.2,-0.9000000000000057,-6.556565609003228,-0.36556878348433897,1.7934249220395182,-1.222359600361734,-1.7316576735483031
Hunan,2003,2.4000000000000057,-5.5,-0.5,-9.422872269405332,1.659230990260114,-6.360334343619385,-0.382245370986419,-4.344820386702477
Hunan,2004,5.099999999999994,0.3,2.4000000000000057,-8.101710659325718,3.359261560709674,1.3592833731265648,1.5998981128674006,-3.2934217334830374
Hunan,2005,2.299999999999997,8.2,5.099999999999994,-8.833913571736389,1.329593830644902,5.4351825438942845,3.301466099073995,-5.16730277396413
Hunan,2006,1.4000000000000057,10.5,2.299999999999997,-8.024646252560828,0.664013050616039,6.685349464228071,1.2990335407036675,-5.0501672896437375
Hunan,2007,5.599999999999994,-3.3,1.4000000000000057,-6.54227722973549,3.09037573879922,-2.4872250965438276,0.6512102663284162,-4.493332212455426
Hunan,2008,6.0,-0.4,5.599999999999994,-5.133171432234988,2.2792717065330614,-0.8730583898446744,2.6012806615807498,-3.8066559680959915
Hunan,2009,-0.4000000000000057,14.0,6.0,-1.390383471493223,-0.2789634598800388,9.578511772444863,3.7026946953071573,-1.796181264943138
Hunan,2010,3.0999999999999943,6.8,-0.4000000000000057,6.811919126487992,1.930676774924559,3.8050862759533826,-0.2992305366729276,4.820983613716719
InnerMongolia,1993,14.099999999999996,7.4,7.400000000000006,37.10770893960151,2.249871854004536,1.137464215038344,1.1374642150383494,24.02993804417661
InnerMongolia,1994,22.90000000000001,14.1,14.099999999999996,28.635105755499726,3.896548142478479,2.511659240366812,2.5116592403668103,21.216562249375606
InnerMongolia,1995,17.5,27.5,22.90000000000001,20.815805622006067,4.150353547798719,5.4670568525953955,4.060338944014896,15.031413590947757
InnerMongolia,1996,7.599999999999994,40.5,17.5,19.48263564531605,0.4125873777765103,4.213924242174155,3.3427011781333724,14.5782716414182
InnerMongolia,1997,4.5,6.7,7.599999999999994,13.81034006237482,1.8455337767794397,4.591207503919497,0.6935383271411522,10.705494494802009
InnerMongolia,1998,-0.7000000000000028,-12.2,4.5,9.239916073006953,0.12214046749587476,-4.661241158669781,1.4072086365707759,7.927232276354949
InnerMongolia,1999,-0.20000000000000284,-1.7,-0.7000000000000028,2.5494040723730222,1.3530425621517448,5.429259901964964,0.16862168253259413,4.316448511475208
InnerMongolia,2000,1.2999999999999972,-11.1,-0.20000000000000284,-4.540336031606344,1.3578263916434081,-2.1104806612214846,1.3827807993305383,-2.0031398186238607
InnerMongolia,2001,0.5999999999999943,0.8,1.2999999999999972,-11.763521657916884,0.048963885628119014,3.77421009024786,1.3618945355126335,-6.011576718585728
InnerMongolia,2002,0.20000000000000284,4.3,0.5999999999999943,-17.355113962396384,0.6499606887789751,0.842629348677977,-0.051793955710017006,-8.054992619634712
InnerMongolia,2003,2.200000000000003,-0.8,0.20000000000000284,-17.773183962267648,0.23517117919282327,-3.22704334010307,0.6768285938470286,-6.375518525691599
InnerMongolia,2004,2.9000000000000057,-0.6,2.200000000000003,-15.764406723596508,-2.600542790111008,2.41811828976254,0.13745049408774263,-5.716903060043588
InnerMongolia,2005,2.4000000000000057,6.2,2.9000000000000057,-12.235467929704823,-0.038128403201634326,-1.3271320376329956,-2.710056401975171,-4.415405471420673
InnerMongolia,2006,1.5,4.3,2.4000000000000057,-9.673742980225512,-0.5364353195361397,-9.238996899056065,-0.22827749126818087,-2.7363774472795424
InnerMongolia,2007,4.599999999999994,1.4,1.5,-7.670552410804233,-2.800696420294348,5.809366108991024,-0.620674283680489,-3.1424207201844903
InnerMongolia,2008,5.700000000000002,-0.3,4.599999999999994,-4.219415002465851,-6.27364212256199,-2.168441816938458,-5.301431986497663,-0.28542952658615856
InnerMongolia,2009,-0.2999999999999972,10.8,5.700000000000002,4.944360773319716,0.17495778887084537,-10.270658660908872,-4.734315764032496,6.786547819122967
InnerMongolia,2010,3.200000000000003,7.9,-0.2999999999999972,7.65382154808421,-3.0049167933162066,-7.7977992703254975,0.26040442228199967,-1.6953037202881138
Jiangsu,1993,18.200000000000006,6.6,6.599999999999994,21.037097655325425,7.706318294077046,1.294115453014248,1.2941154530142422,9.591700251500962
Jiangsu,1994,23.200000000000006,18.2,18.200000000000006,16.301477368420166,7.101070295223873,7.593298352302748,7.593298352302755,9.480320977862478
Jiangsu,1995,15.799999999999995,41.4,23.200000000000006,12.93961242661237,4.072452120947337,19.70425391302057,6.815007814187549,8.738400917379732
Jiangsu,1996,9.299999999999997,33.2,15.799999999999995,7.126119998940637,3.5188452282414455,5.011261442244232,3.7652916107423975,3.720806718562648
Jiangsu,1997,1.7000000000000028,1.0,9.299999999999997,4.42147253856011,-0.44744483021903203,-1.4385511253631575,3.4672868809878055,2.480861396584443
Jiangsu,1998,-0.5999999999999943,-3.7,1.7000000000000028,0.6232641107623493,-0.12820462232262794,2.994958790497943,-0.44650175424806887,0.19027617984687478
Jiangsu,1999,-1.2999999999999972,-13.5,-0.5999999999999943,-3.5954945961796914,-0.21681955507182588,-8.107602871662671,-0.12326409603337499,-2.2543385535096023
Jiangsu,2000,0.09999999999999433,-5.2,-1.2999999999999972,-5.880584604982147,-0.09904917844598018,0.5204960541982633,-0.18018481763052221,-3.723043631730012
Jiangsu,2001,0.7999999999999972,-2.7,0.09999999999999433,-9.682322067782877,0.03614310369945746,-0.2630849585834348,-0.08886403084010393,-4.922814290839103
Jiangsu,2002,-0.7999999999999972,2.9,0.7999999999999972,-10.994646040977573,-0.40470803103900205,0.09285063774922142,0.011444740601336696,-5.19269852607741
Jiangsu,2003,1.0,2.2,-0.7999999999999972,-10.044884165173812,0.20235297823185075,0.2193963568665444,-0.41810824389012413,-4.295827103171802
Jiangsu,2004,4.099999999999993,-4.0,1.0,-9.254859609594972,1.4315206778662477,-1.0521586066469923,0.11865332184512394,-4.431590758289145
Jiangsu,2005,2.0999999999999943,4.6,4.099999999999993,-3.7315332692741943,0.80937044910186,1.0687892752023727,1.2923943696787552,0.477677219576851
Jiangsu,2006,1.5999999999999943,10.3,2.0999999999999943,-2.690669307717968,0.38943858664318665,3.203024942463383,0.7332214642458095,0.47376500216720824
Jiangsu,2007,4.299999999999997,-1.9,1.5999999999999943,-1.2463462329680937,-0.0472582016194229,0.12098420988067946,0.326867865143174,0.6214961485978268
Jiangsu,2008,5.400000000000006,0.6,4.299999999999997,-0.5573682381406401,0.2101856203460308,-0.3557369691852414,0.05540613420631927,0.6504212998578133
Jiangsu,2009,-0.4000000000000057,9.7,5.400000000000006,-0.2232102465286516,-0.21791587060452453,-1.1471055764319475,-0.031064004377613898,1.3864595226425593
Jiangsu,2010,3.799999999999997,7.6,-0.4000000000000057,4.694277586013513,0.990925745472922,0.8344138414747777,-0.2222714822840516,1.2984160638498674
Jiangxi,1993,14.599999999999996,5.7,5.700000000000002,19.467694243976027,-0.020194641542366828,-2.008010942955646,-2.0080109429556443,2.716224079933983
Jiangxi,1994,26.90000000000001,14.6,14.599999999999996,10.920546832682602,3.2988506852394326,-0.741283461578889,-0.7412834615788917,-0.6158897535553893
Jiangxi,1995,16.900000000000006,32.4,26.90000000000001,5.7480407664765085,-0.676934551171605,0.7907388512404709,2.1851417877802555,-2.4573657580022092
Jiangxi,1996,8.400000000000006,51.5,16.900000000000006,6.353240515318532,-0.5313171762402545,9.071016502611482,-1.0232086430580274,0.7321045857602683
Jiangxi,1997,2.0,-3.1,8.400000000000006,7.220862311414635,-1.5532801720198033,-6.1152606547057085,-0.732667417311395,3.9864268413888397
Jiangxi,1998,1.0,-8.6,2.0,2.1745419117343796,1.5144240861636276,0.8454465515899827,-1.6433002698456893,1.8681230811921516
Jiangxi,1999,-1.4000000000000057,-10.8,1.0,-0.2804489474250857,0.09675281093211371,-3.9413081107965544,1.4603344796748685,2.5700490888044585
Jiangxi,2000,0.2999999999999972,-1.0,-1.4000000000000057,-4.766161988054193,0.3012666292345296,7.4586622535184945,0.26535441875864796,-1.102245548583452
Jiangxi,2001,-0.5,-6.2,0.2999999999999972,-8.482629791936617,-1.5996132492460713,-1.685423289312106,0.43773688052715914,-1.270627786257268
Jiangxi,2002,0.09999999999999433,3.7,-0.5,-9.857085523318233,0.6923032062754009,0.6659436776632459,-1.5837754205686334,-1.3712094113164455
Jiangxi,2003,0.7999999999999972,-2.1,0.09999999999999433,-10.620539697885716,-0.6410124318994442,-5.904673031830428,0.767318402139815,-1.3143535155650137
Jiangxi,2004,3.5,1.3,0.7999999999999972,-7.316032475272549,-0.22128800969712473,5.178846195765307,-0.4354270552811727,-0.5305551413020024
Jiangxi,2005,1.7000000000000028,2.2,3.5,-6.6018631327589645,0.1397016857470726,-2.554811091114585,-0.1848201414216116,-2.103076618955852
Jiangxi,2006,1.2000000000000028,8.9,1.7000000000000028,-3.8511656644368912,-0.3908394638656432,-0.37688253212599343,0.047581934136059226,-0.3813248254757756
Jiangxi,2007,4.799999999999997,-1.9,1.2000000000000028,-2.6514538726073766,-0.5012591027728543,1.0011449184574404,-0.43129908900347924,-0.43596607459369935
Jiangxi,2008,6.0,0.2,4.799999999999997,-1.9845274963666384,-1.249293871995299,-1.6588131911440798,-1.2465547768207959,-0.38449054600574667
Jiangxi,2009,-0.7000000000000028,12.0,6.0,-2.9990413895477563,-0.4603717432627256,-1.800565854391721,-0.9568944455275867,-0.572646290154307
Jiangxi,2010,3.0,8.4,-0.7000000000000028,4.903102422092361,-0.9360399004939861,-0.2581193769843421,-0.49535121376569996,0.622598773564134
Jilin,1993,12.599999999999996,8.0,8.0,18.079746687420734,-6.472683687617617,-1.095841180302329,-1.0958411803023316,-5.155914318655057
Jilin,1994,20.599999999999994,12.6,12.599999999999996,14.015893624660535,-10.658407894615879,-6.492813186517116,-6.492813186517115,-0.6211728771110798
Jilin,1995,15.200000000000005,21.8,20.599999999999994,7.947591527379088,-6.546708148311207,-17.199475364800165,-10.460311466838492,-1.107062045157814
Jilin,1996,7.200000000000002,36.6,15.200000000000005,7.587384583226567,-4.140942035664169,-20.828240075000632,-7.506182383929735,-0.16958320282382
Jilin,1997,3.700000000000003,4.4,7.200000000000002,1.6982376718484886,-0.04700163051906042,1.1689460919693013,-3.278370509281112,-3.966799015031203
Jilin,1998,-0.7999999999999972,-8.8,3.700000000000003,-0.8073925764942658,-0.7022650912327879,2.044758831888278,-0.14975571163397008,-2.7227488094309678
Jilin,1999,-2.0,-3.3,-0.7999999999999972,-3.532551432336461,-0.4227468873617552,6.206846565144947,-0.7123191157547838,-1.7852503401106485
Jilin,2000,-1.4000000000000057,-9.8,-2.0,0.8315800155237696,-1.6127869318345376,-1.888845193568804,-0.4691808160793759,5.327817170402731
Jilin,2001,1.2999999999999972,-4.4,-1.4000000000000057,-4.439594091435937,0.40242223052782894,-0.14361078672970337,-1.586544288362471,4.131755388968371
Jilin,2002,-0.5,-0.2,1.2999999999999972,-6.5554411399417924,-0.16200191402737155,-3.828693322147222,0.3656332100168033,4.175517797680035
Jilin,2003,1.2000000000000028,6.7,-0.5,-8.101240270207441,-0.547069339041601,3.778464621763805,-0.02259347424923198,4.6822243988584304
Jilin,2004,4.099999999999993,-4.1,1.2000000000000028,-9.326388594589687,-0.25838389268287704,-1.1696205624629015,-0.2829901015420922,-0.47732648070295847
Jilin,2005,1.5,4.6,4.099999999999993,-9.198054144298169,-0.45469037286976366,-0.45152823898237165,-0.22411785464152548,-2.4355046559199445
Jilin,2006,1.4000000000000057,9.9,1.5,-7.0405293999250205,-0.30599967952793183,-0.2511784827301796,-0.4814012499070058,-2.393546168319921
Jilin,2007,5.299999999999997,-3.7,1.4000000000000057,-3.5954252571452656,-0.6745155168697128,-0.8652171754580718,-0.3116074413164202,-0.4698988047350523
Jilin,2008,5.099999999999994,1.2,5.299999999999997,-0.8532275604180626,-2.1203409799368056,0.07940960897904416,-0.6099567281866816,0.7653583278973144
Jilin,2009,0.09999999999999433,13.1,5.099999999999994,0.5543038014775021,0.3153150582424643,-1.9341326667068743,-2.4461347687374553,2.671002605819317
Jilin,2010,3.700000000000003,4.7,0.09999999999999433,4.312548246195973,-0.6167981037946363,-5.837103418818995,0.25351065596380756,-1.602610787662741
Liaoning,1993,15.200000000000005,6.7,6.700000000000002,21.651627932047692,3.440047410842393,0.33761676443180527,0.33761676443180794,6.594602298310339
Liaoning,1994,24.3,15.2,15.200000000000005,11.382309703039482,5.161702157750503,3.2745311872093232,3.2745311872093286,1.357030679321033
Liaoning,1995,16.099999999999994,32.2,24.3,1.3283231286074937,1.8814575041966728,8.61324522756349,4.575901051812424,-6.158542830265393
Liaoning,1996,7.900000000000006,42.5,16.099999999999994,-1.39782770446854,0.6151865841976388,6.481546747327734,1.2980375167478848,-7.154132843094258
Liaoning,1997,3.0999999999999943,-0.3,7.900000000000006,0.3050616509499662,0.08780724970505593,-3.7809795856626716,0.673179442496551,-3.393740702875737
Liaoning,1998,-0.7000000000000028,-8.5,3.0999999999999943,0.5418215810340854,-0.26844331346418826,0.11987112126776814,-0.24865107335589262,-0.9802470535970088
Liaoning,1999,-1.4000000000000057,-6.5,-0.7000000000000028,-0.04459673674742248,-0.24343652163856405,-0.5177642988298804,-0.2557797528374303,1.786291787679023
Liaoning,2000,-0.09999999999999433,-8.3,-1.4000000000000057,1.4022334770888136,-0.2141639901824871,-0.2200375390159563,-0.25486862190868376,4.603446095018063
Liaoning,2001,0.0,-2.8,-0.09999999999999433,-1.6978654011379604,-0.8972382450459239,-0.1711321182695779,-0.21040751736933247,4.835076936464574
Liaoning,2002,-1.0999999999999943,2.5,0.0,-3.6536386941332495,-0.8887084982867203,-0.3746957999669051,-0.875188540530961,5.79395862958448
Liaoning,2003,1.7000000000000028,0.2,-1.0999999999999943,-7.3389552343613795,0.11129248005628209,-1.885560745437822,-0.9149024164374222,2.5313220114844572
Liaoning,2004,3.5,-3.3,1.7000000000000028,-11.795611928019936,-0.6086879024156876,-0.9517472420048171,0.0731249584550143,-3.238114371755582
Liaoning,2005,1.4000000000000057,7.3,3.5,-7.5861731015962315,-0.4448345347741242,2.05428236146214,-0.6664494028575263,-0.4251293686256571
Liaoning,2006,1.2000000000000028,7.1,1.4000000000000057,-6.55964248146644,-0.4294931935008278,-1.7706764038596565,-0.41416490803522316,-0.5577122242406594
Liaoning,2007,5.099999999999994,-2.8,1.2000000000000028,-5.863748692726972,-0.30771360829502986,-0.3074635605317673,-0.3934103157159988,-2.1021122342522784
Liaoning,2008,4.599999999999994,0.8,5.099999999999994,-1.8578098127013332,-2.473611838954495,-0.459748932915026,-0.26362769647809514,0.5790771932592107
Liaoning,2009,0.0,12.9,4.599999999999994,-0.31636535109230124,-0.1820699956329002,-1.737149332937841,-3.443413303454087,0.008845882604937006
Liaoning,2010,3.0,3.6,0.0,6.329059126531392,-1.5499846805823163,-8.959017453654722,-0.2846697377180641,0.00722112016130594
Ningxia,1993,14.299999999999995,8.3,8.299999999999997,20.455199516960572,-47.448951841616356,-23.20334841026311,-23.20334841026312,-60.258255418889775
Ningxia,1994,23.099999999999994,14.3,14.299999999999995,13.5241463849119,-69.56861646610885,-45.42084925270507,-45.42084925270508,-34.691732185675896
Ningxia,1995,17.099999999999994,26.3,23.099999999999994,11.643162992578864,-47.67858301356494,-89.24164124763608,-67.42958699179376,-16.018919701132653
Ningxia,1996,6.799999999999998,40.7,17.099999999999994,8.697730176166461,-24.102298537376747,-104.05959114451217,-43.36336305002961,-6.621060448609846
Ningxia,1997,3.799999999999997,5.1,6.799999999999998,3.8734297027291262,-8.997583265194715,-7.872969235303466,-25.450222943170914,-7.161492803148197
Ningxia,1998,0.0,-13.8,3.799999999999997,1.18098411285672,1.6744040203366972,17.128249510108216,-9.0265062173921,-2.7194607429647646
Ningxia,1999,-1.2999999999999972,-2.2,0.0,-2.1375139657809683,3.08885118891567,23.306348170546926,1.834201650663145,5.7578859709535655
Ningxia,2000,-0.4000000000000057,-7.6,-1.2999999999999972,-3.731645391386365,-1.635579040890226,23.587731300022167,2.797331263163006,7.873270681153554
Ningxia,2001,1.5999999999999943,-3.9,-0.4000000000000057,-5.398162731321462,-1.0287595611172808,4.146337326393153,-1.6573493759617375,19.01180931851308
Ningxia,2002,-0.5999999999999943,1.4,1.5999999999999943,-7.591841766353197,0.44937145256717465,-9.582448240535152,-0.8438254834688284,23.210176174449778
Ningxia,2003,1.7000000000000028,5.6,-0.5999999999999943,-5.009646691440223,-3.3277007942992247,1.5117312535003182,0.38146789998958636,26.321667857683188
Ningxia,2004,3.700000000000003,-5.0,1.7000000000000028,-6.5114621160610255,-8.217164874728144,2.653081888592681,-3.298951811532573,21.55175655734182
Ningxia,2005,1.5,6.3,3.700000000000003,-9.92316560956435,-3.8323915557427637,-10.636705374184144,-7.9853166302800425,10.11912659953625
Ningxia,2006,1.9000000000000057,7.7,1.5,-9.859886190748126,-2.5238573230638606,-17.034338062980556,-3.708192164589918,5.652608204501436
Ningxia,2007,5.5,-2.9,1.9000000000000057,-6.580767066080013,-9.559877394679553,3.9466653561352167,-2.3706360928940704,3.7443505572332234
Ningxia,2008,8.5,2.7,5.5,-6.392726526632174,-9.40733070900847,0.2294649089544123,-9.434429594983698,-2.6000421260765876
Ningxia,2009,0.7000000000000028,12.7,8.5,0.20465499497291265,0.724257122927804,-22.833869773952046,-9.185935400632593,1.330782837848136
Ningxia,2010,4.099999999999993,14.5,0.7000000000000028,6.145279416903065,-5.424913973131924,-7.955452030098753,0.7073205381165486,-8.142662343508109
Qinghai,1993,13.200000000000005,8.0,8.0,18.67367111210048,-16.453177003580212,-7.267087168920096,-7.267087168920095,-19.818359136188207
Qinghai,1994,21.8,13.2,13.200000000000005,14.585363814845168,-25.74867180896006,-17.52141806612498,-17.52141806612498,-8.966690981523959
Qinghai,1995,18.0,23.6,21.8,9.802226426512092,-17.306050529124057,-38.83375808382234,-27.351244648993784,-5.154984826121522
Qinghai,1996,10.799999999999995,39.0,18.0,1.1289517476470223,-5.832247738418532,-42.07110058829048,-16.31559825989442,-8.142688122192288
Qinghai,1997,4.799999999999997,10.4,10.799999999999995,-1.8978677022981856,-1.5398478169503589,2.8653643456792715,-5.782979938267092,-7.96044799743557
Qinghai,1998,0.7000000000000028,-3.6,4.799999999999997,-2.8965589757049486,1.8179009780728674,17.067588980740748,-2.152504636440129,-4.820624092631445
Qinghai,1999,-0.5,-7.2,0.7000000000000028,-4.177405158331112,0.6330073837170673,8.308974856967822,1.8215172083728293,2.095514064667769
Qinghai,2000,-0.5,-7.5,-0.5,-4.813155049579193,-3.043398474784981,10.650727026102258,0.665630733737777,5.5661971548642475
Qinghai,2001,2.5999999999999943,-2.9,-0.5,-6.038993146618522,1.200045127655234,-1.8430662319879427,-3.135265924890976,12.699353556427871
Qinghai,2002,2.299999999999997,-0.5,2.5999999999999943,-7.775755607352438,3.3365447612638923,-10.851233214944333,1.1954616655316477,15.436494777556279
Qinghai,2003,2.0,8.8,2.299999999999997,-8.761267032012327,-0.72782517622414,10.13084809024891,3.318280715209196,10.630672952661019
Qinghai,2004,3.200000000000003,1.7,2.0,-7.065169870067892,-4.8912725133385075,7.806948536563288,-0.8493550733118342,7.625623661995236
Qinghai,2005,0.7999999999999972,1.4,3.200000000000003,-5.304148563848925,-2.9894291069186902,-9.434557675866149,-4.963129750921971,6.793970743050162
Qinghai,2006,1.5999999999999943,5.6,0.7999999999999972,-2.9929437083869463,-2.100512887101174,-13.704998624690935,-3.0664326252578253,6.720089677157268
Qinghai,2007,6.700000000000002,-4.0,1.5999999999999943,-0.9824430005825916,-5.032520137226992,1.4570376147669928,-2.28336615903703,2.7903540710785038
Qinghai,2008,10.099999999999994,3.2,6.700000000000002,-1.2902760453668805,-6.184659076167457,-0.2077719296449781,-4.920799134417285,0.4705383457665873
Qinghai,2009,2.5999999999999943,16.9,10.099999999999994,-2.5384951112474994,2.8928514207538902,-13.810644556247222,-7.741070349365074,-1.1486975830551271
Qinghai,2010,5.400000000000006,16.9,2.5999999999999943,4.7929790418861415,-4.733989256222287,-12.399674957377773,2.8254181860242213,-8.925656478544518
Shaanxi,1993,13.099999999999996,10.3,10.299999999999997,29.492988219505065,13.079064163664356,10.289049464699263,10.289049464699259,29.468998758614127
Shaanxi,1994,26.700000000000006,13.1,13.099999999999996,15.302081021982872,26.668467785798473,13.079699218535506,13.079699218535502,15.287275315205202
Shaanxi,1995,19.0,18.7,26.700000000000006,9.340937882926356,18.977172527116753,18.660836313514814,26.668566623317837,9.3306890700413
Shaanxi,1996,9.700000000000003,53.9,19.0,6.316687573356488,9.688647596362799,53.84676816360594,18.97752876075041,6.310213526593313
Shaanxi,1997,4.799999999999997,3.6,9.700000000000003,2.714622692517125,4.795778291797322,3.5948958468868177,9.688980294760043,2.710356755057934
Shaanxi,1998,-1.5999999999999943,-8.9,4.799999999999997,-0.24353278468822734,-1.5995157988901125,-8.889373239030297,4.795745018356327,-0.2444622896172567
Shaanxi,1999,-2.200000000000003,-5.0,-1.5999999999999943,-1.5817811234641257,-2.1983401752218503,-4.990847657676035,-1.5995389544126628,-1.578505671745849
Shaanxi,2000,-0.5,-14.4,-2.200000000000003,-2.0471686641341047,-0.5001961685632631,-14.39106396241023,-2.1984583638701256,-2.0432729380298307
Shaanxi,2001,1.0,-3.4,-0.5,-6.334585687531912,0.9988535179302901,-3.3964290993289032,-0.5001697488896174,-6.3274034039985345
Shaanxi,2002,-1.0999999999999943,2.9,1.0,-8.611374813524762,-1.0994763489467245,2.896848449103373,0.9989281858978046,-8.602715901647754
Shaanxi,2003,1.7000000000000028,4.0,-1.0999999999999943,-11.470449613343575,1.6918386545887276,3.975840749105334,-1.1023743412021076,-11.425237860435411
Shaanxi,2004,3.0999999999999943,-5.3,1.7000000000000028,-9.65111814634787,3.072526686685218,-5.294128813329555,1.687737634450344,-9.589657594495025
Shaanxi,2005,1.2000000000000028,7.3,3.0999999999999943,-8.848185904625822,1.1783418826799197,7.242247142144547,3.0461472639994973,-8.769295301996266
Shaanxi,2006,1.5,5.9,1.2000000000000028,-7.010792080616525,1.472971628821412,5.749554813179225,1.1715123736663013,-6.943222869077785
Shaanxi,2007,5.200000000000003,-2.6,1.5,-7.141427646616279,5.092954992926598,-2.5429145541013174,1.469230981521434,-7.094327456867245
Shaanxi,2008,6.400000000000006,2.1,5.200000000000003,-4.09894349584674,6.255205402225295,2.06826563222866,5.091922937863646,-4.071999121734049
Shaanxi,2009,0.5,12.6,6.400000000000006,0.8965567576336326,0.4938789060844584,12.34471051517607,6.266049178300621,0.9089337157976335
Shaanxi,2010,4.0,8.8,0.5,6.14744300259504,3.9234138987935547,8.59635838891615,0.4894373078764747,6.052609566369451
Shandong,1993,12.700000000000005,6.8,6.799999999999998,17.691680850933334,0.9235123208508296,0.5967905496009002,0.5967905496008975,3.3921714801203895
Shandong,1994,23.40000000000001,12.7,12.700000000000005,15.907435444559011,5.5228254498207345,0.8348371565278518,0.8348371565278607,7.065951165348865
Shandong,1995,17.599999999999994,24.5,23.40000000000001,12.464764327256873,4.546473419434739,1.0024995943409798,5.1944693815924055,6.441691060785493
Shandong,1996,9.599999999999994,44.8,17.599999999999994,8.538931151219218,2.7697117799904074,13.153464732374966,4.022913127566383,4.408206171323257
Shandong,1997,2.799999999999997,6.0,9.599999999999994,4.541806258309492,-0.18744107510366304,2.9203564343485184,2.2088967307735334,2.0319582994058942
Shandong,1998,-0.5999999999999943,-6.4,2.799999999999997,0.3991377250181216,-0.31646633021971815,-0.7972654574780214,0.34686725097674803,0.028745332381971196
Shandong,1999,-0.7000000000000028,-10.8,-0.5999999999999943,-4.566517287143199,0.15549748099671692,-6.228227582052856,-0.30405398032825676,-2.6441241203622585
Shandong,2000,0.20000000000000284,-7.4,-0.7000000000000028,-6.825422432894584,0.027155372478877345,-1.3597358027410185,0.19444017478861617,-3.913360820687438
Shandong,2001,1.7999999999999972,-0.9,0.20000000000000284,-11.708248304810427,1.0761305325611963,1.2473959053293953,0.042931449989882464,-6.330951764233628
Shandong,2002,-0.7000000000000028,2.0,1.7999999999999972,-13.408920879229994,-0.39720132843952816,-0.36001213598682946,1.0593013451256366,-6.785486614516378
Shandong,2003,1.0999999999999943,5.0,-0.7000000000000028,-12.379263689551921,-0.11073518656364896,2.7095170065520002,-0.3197792773609026,-5.253498232221197
Shandong,2004,3.5999999999999943,-5.7,1.0999999999999943,-8.31488463016099,0.787206084018008,-3.342689695968479,0.0032539035936512734,-3.230031325268367
Shandong,2005,1.7000000000000028,4.7,3.5999999999999943,-3.518252683452161,0.5307947917790634,0.8916741198240978,0.7954162832659193,0.2433551003563841
Shandong,2006,1.0,8.6,1.7000000000000028,0.3344869366965781,-0.17928910169452467,2.421707355272937,0.5556890588277456,3.3282963275175286
Shandong,2007,4.400000000000006,-2.1,1.0,0.4166647969725119,0.4344195612946786,0.1785383424014979,-0.23830926799331512,2.3413904093993247
Shandong,2008,5.299999999999997,-0.4,4.400000000000006,2.4376682109079155,0.30252516324131945,-1.6959610872657878,0.48537350610662383,3.206835544378719
Shandong,2009,0.0,11.2,5.299999999999997,1.3304718024612043,0.057880326342848024,-0.10574382367696002,-0.6779589650583818,2.8334133420527117
Shandong,2010,2.9000000000000057,7.1,0.0,3.5605840416505568,-0.5394054136948957,-1.583331480594273,0.028662563122275556,-0.53875342297323
Shanghai,1993,20.200000000000006,10.0,10.0,18.64914081644412,13.022698017531068,5.983030977400787,5.983030977400787,8.325047505276768
Shanghai,1994,23.90000000000001,20.2,20.200000000000006,9.736916171323912,11.857186580469344,13.046115789940187,13.046115789940194,3.1384991661200288
Shanghai,1995,18.700000000000006,40.6,23.90000000000001,2.6652705091450883,10.137925348240746,27.490361194005253,12.092270429423182,-2.1146999434034974
Shanghai,1996,9.200000000000003,31.3,18.700000000000006,-0.9804858786607156,4.512570159973513,8.12719243854234,9.393012191741905,-4.414275657414015
Shanghai,1997,2.799999999999997,8.3,9.200000000000003,-0.07126463358004287,0.5963536262451463,5.474173128761907,4.030835283647117,-1.9459060249876463
Shanghai,1998,0.0,-9.8,2.799999999999997,-1.4191644964959664,0.2855343667011478,-4.769548879740754,0.5086860524016756,-1.7789000520114466
Shanghai,1999,1.5,-10.0,0.0,-4.5803103946813915,2.3104335713978563,-5.349570896727853,0.31018222071175033,-2.467858065839117
Shanghai,2000,2.5,-5.6,1.5,-5.609619021537456,2.3607496555474126,1.0433851346958591,2.3370818625382483,-2.269612951805894
Shanghai,2001,0.0,4.5,2.5,-8.364819276076616,-1.047126633485573,6.520209054937393,2.3682181133636924,-2.6327408646520007
Shanghai,2002,0.5,4.5,0.0,-10.714988208605037,0.49842275974476635,2.461369060253533,-1.0904055491876725,-3.43924249360889
Shanghai,2003,0.09999999999999433,-5.0,0.5,-7.483312706065803,-1.5970278666692923,-9.037374715609792,0.7048772565925714,2.0055284642285383
Shanghai,2004,2.200000000000003,1.5,0.09999999999999433,-2.621014667351517,-0.8302332328058298,3.66445473850077,-1.2563925533467681,3.648799894308988
Shanghai,2005,1.0,-0.7,2.200000000000003,-1.0363029193782864,-0.21081886582622822,-4.674477310310084,-0.7961537372902073,4.072474394145496
Shanghai,2006,1.2000000000000028,6.4,1.0,0.7461392389790831,-0.13175132764159156,-0.24037356282397704,-0.26598739475297734,4.788547928926981
Shanghai,2007,3.200000000000003,-1.4,1.2000000000000028,4.637689980289039,-1.7220141336981043,1.2250828809044398,-0.19153196154850846,7.266391511795007
Shanghai,2008,5.799999999999998,1.6,3.200000000000003,1.7014579178031113,-0.685096614472054,0.15346635272633657,-1.55080555473143,3.1499321282042168
Shanghai,2009,-0.4000000000000057,7.2,5.799999999999998,0.35692387684017035,-1.00697218072204,-6.450599911675104,-1.6963212681674062,1.123547196615957
Shanghai,2010,3.0999999999999943,11.0,-0.4000000000000057,2.6738391121315743,-0.6842312061878182,0.3888335845213086,-0.9415067981975841,-2.1751547255899992
Shanxi,1993,15.099999999999996,7.3,7.299999999999998,22.255730748627855,8.695697502000904,3.7746260706580035,3.774626070658002,13.911124975837696
Shanxi,1994,25.200000000000006,15.1,15.099999999999996,5.870101962681347,14.353350140437625,8.293215044915668,8.293215044915664,0.0034702356596731
Shanxi,1995,16.900000000000006,30.7,25.200000000000006,5.788156147231092,8.652239571057942,17.2737895451266,13.877728590532994,1.465779343491047
Shanxi,1996,7.900000000000006,45.4,16.900000000000006,5.79648820707817,3.3268565959965843,23.68255559295912,7.708432043237726,2.6284174018452973
Shanxi,1997,3.0999999999999943,0.3,7.900000000000006,5.122531211392925,1.1809644604652816,-2.2866942908577084,3.211308254153007,3.3906296564048235
Shanxi,1998,-1.4000000000000057,-10.1,3.0999999999999943,3.9054239935357766,-1.1916440248781237,-5.44474002071787,1.0823145313115314,3.7138759419290976
Shanxi,1999,-0.4000000000000057,-6.5,-1.4000000000000057,-4.183268352178303,0.3223405740376926,-2.3201918389932628,-1.1803821088699016,-2.3869180790439892
Shanxi,2000,3.9000000000000057,-10.4,-0.4000000000000057,-9.965141884791565,3.9520060194422966,-5.440114225872088,0.28907083991150495,-7.522157053520567
Shanxi,2001,-0.20000000000000284,1.6,3.9000000000000057,-13.034914679370287,-0.9543107143072108,3.1803666104249917,3.9445680952373037,-8.941522452580797
Shanxi,2002,-1.5999999999999943,12.5,-0.20000000000000284,-11.598216721226592,-1.5715422578288873,11.324758350803984,-0.9945237595141581,-6.2911193757227375
Shanxi,2003,1.7999999999999972,-8.4,-1.5999999999999943,-6.988687721878192,0.917255134724899,-10.95543987269028,-1.6162927942051624,-1.844489785257324
Shanxi,2004,4.099999999999993,-4.4,1.7999999999999972,-2.378283077991867,1.7412978555755259,-2.6408296386731855,0.8065251644672113,2.392681782571608
Shanxi,2005,2.299999999999997,8.6,4.099999999999993,-2.071249556924272,1.3242236228457969,5.523010587794748,1.60293279607015,1.8519465392468568
Shanxi,2006,2.0,8.7,2.299999999999997,-4.507764881468191,1.015795266674102,3.5104414009433627,1.3663764045473572,-2.1259130377333246
Shanxi,2007,4.599999999999994,-1.3,2.0,-1.5045027956850845,0.9228437259895248,0.7508828678063033,0.9779784619019115,-0.18181095552204524
Shanxi,2008,7.200000000000002,1.4,4.599999999999994,1.03640795328306,2.3402444446329644,0.3589741692192005,1.0205908702108373,1.5870349195957638
Shanxi,2009,-0.4000000000000057,9.8,7.200000000000002,-4.664572871969824,-0.7990684417334847,-0.3676863554959246,1.5949726926652148,-4.03380242755701
Shanxi,2010,3.0,12.4,-0.4000000000000057,3.582508098752029,0.05225005728419411,4.202185785445006,-0.7839040294849177,0.11763623996329586
Sichuan,1993,16.799999999999994,7.4,7.400000000000006,11.257270575576255,10.07141303222758,3.762712890504224,3.7627128905042295,3.189652899169672
Sichuan,1994,24.599999999999994,16.8,16.799999999999994,10.828321743322816,14.2827122779575,10.046712335804635,10.046712335804628,5.692918202365369
Sichuan,1995,18.5,35.6,24.599999999999994,5.567537280493981,11.435734319783327,23.30370036072488,14.81569157346436,2.160027602562854
Sichuan,1996,9.299999999999997,40.2,18.5,5.000939299633345,5.278292433875113,21.913214045789726,10.55369548808114,2.271303570105086
Sichuan,1997,5.099999999999994,6.3,9.299999999999997,4.062447791843681,3.564775023251527,4.471726420134478,5.260770714288322,2.3393732679454673
Sichuan,1998,-0.4000000000000057,-9.1,5.099999999999994,2.8641437466141184,-0.2748623429730606,-5.1061027337781235,3.5226371870711746,2.5296304837205748
Sichuan,1999,-1.5,-3.3,-0.4000000000000057,0.1413873559651222,-0.8985549073119735,0.3400022347406547,-0.30108515087761323,1.5955177218633747
Sichuan,2000,0.09999999999999433,-11.4,-1.5,-2.390246110952006,0.15074815814243678,-7.9858683200126475,-0.9146141894768254,-0.5126465414353366
Sichuan,2001,2.0999999999999943,-3.7,0.09999999999999433,-5.9912472472283875,1.7200235189079518,-2.210728291375946,0.14759487474744182,-2.662089438326983
Sichuan,2002,-0.2999999999999972,3.3,2.0999999999999943,-7.2723397512619234,-0.016474623509533666,2.2781221743748152,1.7107898450928347,-3.0698611971192977
Sichuan,2003,1.7000000000000028,6.1,-0.2999999999999972,-8.518827079002747,1.1314124675112365,4.831134461789184,-0.01919296916243203,-4.593107376623543
Sichuan,2004,4.900000000000006,-5.1,1.7000000000000028,-7.561762649543795,3.2761389494834408,-3.4375944122627775,1.1235168838298317,-4.365465392392814
Sichuan,2005,1.7000000000000028,5.7,4.900000000000006,-6.843723818502853,0.9918533493609671,3.3663544817542865,3.298817366697808,-4.798034164487821
Sichuan,2006,2.299999999999997,11.3,1.7000000000000028,-5.566592883357019,1.6383761417238776,7.6446420130372585,1.0020170731171567,-3.8141102841264796
Sichuan,2007,5.900000000000006,-4.7,2.299999999999997,-3.511067069296488,3.8909022338696904,-3.7089746214617647,1.6859493925577156,-2.218780966637461
Sichuan,2008,5.099999999999994,3.5,5.900000000000006,-2.2636505270620404,2.6666772145886446,2.997498987686192,3.9655096333918802,-1.926392145367625
Sichuan,2009,0.7999999999999972,13.1,5.099999999999994,-1.2657722257073942,1.0143904153498775,7.848495182975104,2.3546859376895966,-0.5070962081542351
Sichuan,2010,3.200000000000003,3.5,0.7999999999999972,3.5488213911733912,1.6471694848564575,-0.16444567311702202,1.0258156550756665,1.5751623205925755
Tianjin,1993,17.599999999999994,11.4,11.400000000000004,25.770370220203944,-21.950222789736568,-6.688752855567543,-6.688752855567542,-9.059542065756691
Tianjin,1994,24.0,17.6,17.599999999999994,18.526951360176767,-24.92453464763281,-20.082281977438328,-20.082281977438335,-3.803992068901791
Tianjin,1995,15.299999999999995,30.0,24.0,13.879878416661567,-22.070624554374195,-46.5076193328488,-22.844548030773456,0.5842975651115945
Tianjin,1996,9.0,36.8,15.299999999999995,10.240597619854027,-10.256795427370184,-39.382563162081794,-25.444279832180275,0.5414764457615637
Tianjin,1997,3.0999999999999943,-2.1,9.0,5.711907365811469,-4.614008994994793,-21.78277162376318,-10.148696340762301,0.7715552029281582
Tianjin,1998,-0.5,-3.6,3.0999999999999943,0.9555247132162492,-1.0519816326257927,19.79244314306465,-4.611007091125445,2.375357278730958
Tianjin,1999,-1.0999999999999943,-8.7,-0.5,-3.0925755243582387,1.8048762978432733,6.415173941580471,-0.9648203134220352,6.111123023830057
Tianjin,2000,-0.4000000000000057,-7.7,-1.0999999999999943,-4.664599331617552,0.16468574593173546,5.745062520290004,1.8151435057823075,4.510102956480971
Tianjin,2001,1.2000000000000028,-2.3,-0.4000000000000057,-8.671173179589386,-0.5333317958926916,7.130584017180358,0.10614914566142075,6.8080553622575
Tianjin,2002,-0.4000000000000057,1.0,1.2000000000000028,-11.945275387739072,0.8810844573931708,-3.357703197337454,-0.5076451336220674,5.050410276681644
Tianjin,2003,1.0,4.4,-0.4000000000000057,-10.550888182408118,-1.4463411225455065,-1.4560807898508779,0.8333397785763431,2.902695982132369
Tianjin,2004,2.299999999999997,-3.6,1.0,-9.529456558093713,-5.659274838296413,2.767606868678139,-1.5074770128775992,0.712294280621559
Tianjin,2005,1.5,3.8,2.299999999999997,-3.65615851383734,-1.0331386938886153,-6.140577919906602,-5.661021185872754,3.878988516519953
Tianjin,2006,1.5,4.9,1.5,-6.03470284664057,-1.1645770993781563,-13.471624346295009,-0.9676994479551225,-2.560401819591105
Tianjin,2007,4.200000000000003,-0.1,1.5,-7.350176915149389,-4.867878997748172,8.142887095888444,-1.132414525185353,-5.820397993395275
Tianjin,2008,5.400000000000006,1.5,4.200000000000003,-1.0246158421187772,-4.738400321443734,-1.4314874381118359,-4.546354304130122,-0.7829392797337287
Tianjin,2009,-1.0,9.6,5.400000000000006,-0.5627837318864692,-0.37861797952804777,-9.582292546058733,-3.9148459209720414,3.0871178555602743
Tianjin,2010,3.5,7.8,-1.0,5.6868563962822805,-2.2107282720990296,-3.8246050478297535,-0.2938084302046361,-0.02544641829525208
Xinjiang,1993,13.0,8.6,8.599999999999994,16.65615224956487,7.155170954759692,5.266805357920039,5.266805357920035,9.282447472368617
Xinjiang,1994,26.700000000000006,13.0,13.0,12.668622425241564,18.429852643537988,7.150045658707441,7.150045658707442,7.808351590125249
Xinjiang,1995,19.700000000000006,21.8,26.700000000000006,6.314105159784673,13.846002322432042,10.945082965289588,18.39714184693171,2.9112153897357143
Xinjiang,1996,10.5,54.1,19.700000000000006,-2.4224210323623794,7.373098535756766,40.916241913240086,13.684907167577887,-5.16023285435978
Xinjiang,1997,3.700000000000003,5.7,10.5,-0.7339981501269506,2.532166117542257,4.499159241374009,7.504250774402677,-2.265440005274306
Xinjiang,1998,0.20000000000000284,-7.9,3.700000000000003,-4.146293481071496,0.3334700988046246,-5.438187575507869,2.5373227442108206,-4.468009373694327
Xinjiang,1999,-2.5999999999999943,-9.9,0.20000000000000284,-6.599937646241926,-2.152960033481305,-7.447661877156377,0.33890795700291565,-5.76520971680245
Xinjiang,2000,-0.5999999999999943,-6.8,-2.5999999999999943,-1.1036309909515578,-0.4624073434838019,-3.927858326634216,-2.1249780310628834,0.34535156902211117
Xinjiang,2001,4.0,-8.2,-0.5999999999999943,-7.054642568730756,3.725309951179774,-6.936348777275746,-0.43500111826071275,-4.18439045657057
Xinjiang,2002,-0.5999999999999943,3.4,4.0,-9.97503443005047,-0.3656122271215511,2.875919079367063,3.7117521466261536,-5.81293478411128
Xinjiang,2003,0.4000000000000057,13.2,-0.5999999999999943,-6.758859751613527,-0.13429497516112923,11.98644477597695,-0.37309287160387583,-2.62881024426865
Xinjiang,2004,2.700000000000003,-9.8,0.4000000000000057,-5.43382929076445,1.2983308842759271,-8.642319476578258,-0.0967370956853983,-2.3705460381417693
Xinjiang,2005,0.7000000000000028,2.4,2.700000000000003,-1.290638767634448,0.20644894750263454,0.7680084081018086,1.523235947720334,0.3013789645493551
Xinjiang,2006,1.2999999999999972,7.3,0.7000000000000028,2.0378566318486264,0.8325258394205344,4.993652159845405,0.23186817710326912,3.4380269065613827
Xinjiang,2007,5.5,-3.3,1.2999999999999972,0.7314801457708455,4.030842842582252,-2.5209835383131116,0.8256171645267578,2.07063802071073
Xinjiang,2008,8.099999999999994,2.5,5.5,0.6577677936487731,6.559698343340762,2.05770093302878,4.201245539771592,0.8531116659140795
Xinjiang,2009,0.7000000000000028,13.9,8.099999999999994,-7.446291612656807,0.8164315925835328,10.987181092325004,6.59851394798884,-6.978020386559693
Xinjiang,2010,4.299999999999997,13.3,0.7000000000000028,3.4171158726266233,3.416777262131216,11.394578590777826,0.8095661382957869,2.3995311945903177
Yunnan,1993,21.3,8.9,8.900000000000006,8.219852445132773,18.35456553196449,7.2644144813758915,7.264414481375895,4.224777798303537
Yunnan,1994,19.200000000000006,21.3,21.3,5.255192487523956,15.22507805645193,18.642696329758692,18.642696329758692,2.945163940072583
Yunnan,1995,21.3,46.1,19.200000000000006,-0.17486139662746325,18.86757724937031,41.58724892139914,15.609695696695926,-1.677444572302287
Yunnan,1996,8.700000000000003,15.0,21.3,5.697435303118709,7.441895532778496,9.116440680810742,18.936088609417418,4.756936717456646
Yunnan,1997,4.299999999999997,25.5,8.700000000000003,3.655703765711493,3.8388164326444936,25.420630251724308,7.466892472195826,3.147604365716075
Yunnan,1998,1.7000000000000028,-16.5,4.299999999999997,2.8772581196381424,1.8161697578402272,-15.553867552625519,3.8622358060042603,2.8561950249076484
Yunnan,1999,-0.2999999999999972,-4.5,1.7000000000000028,-1.4817810363324213,-0.06815569527924265,-3.3381706477722473,1.8201713510117687,-1.0904494568866874
Yunnan,2000,-2.0999999999999943,-3.5,-0.2999999999999972,-2.4340995653411994,-2.122594384142282,-2.2006572716682298,-0.0648347030007577,-1.8497325794878479
Yunnan,2001,-0.9000000000000057,-4.3,-2.0999999999999943,-4.636892269711693,-1.0246727213002849,-3.841119548742889,-2.1266428774107706,-3.5847671334034774
Yunnan,2002,-0.20000000000000284,-5.7,-0.9000000000000057,-6.304297163272067,-0.08325765961176641,-6.251496301949705,-1.0260052029304427,-4.973797265044809
Yunnan,2003,1.2000000000000028,1.5,-0.20000000000000284,-7.609389776654012,1.0471253173107136,1.2476123795960248,-0.10064362548415316,-6.487737992611147
Yunnan,2004,6.0,1.2,1.2000000000000028,-5.344667520024643,5.5227288331693245,1.8161825898431527,1.0194486892274857,-4.325281468435541
Yunnan,2005,1.4000000000000057,4.0,6.0,-5.3244133490956775,1.195078243390071,3.2382594571478784,5.532899182314691,-4.636063185966124
Yunnan,2006,1.9000000000000057,15.6,1.4000000000000057,-3.422328342131792,1.6812959230772022,14.440788649099048,1.1718937935585145,-2.8252493591844337
Yunnan,2007,5.900000000000006,-7.8,1.9000000000000057,-2.5044067015072784,5.053934245840827,-7.37193137249361,1.651892240817884,-1.972664085914974
Yunnan,2008,5.700000000000002,2.9,5.900000000000006,0.5879438687161667,4.761900140047684,2.695822199896723,5.17817817306984,0.7189894550634394
Yunnan,2009,0.4000000000000057,13.9,5.700000000000002,-1.1573869193551474,0.5054492869616494,12.122128340710796,4.764491879885295,-0.8571105243655325
Yunnan,2010,3.700000000000003,5.3,0.4000000000000057,2.2950564295324227,3.1912015573231036,4.084579720630353,0.49279698285232004,1.6264179728854338
Zhejiang,1993,19.8,7.5,7.5,20.823628109680246,15.807437971095963,5.1424229328557605,5.1424229328557605,15.55138668084498
Zhejiang,1994,24.8,19.8,19.8,14.528986558981517,18.63743236395043,15.883504464399968,15.883504464399968,11.316360657222894
Zhejiang,1995,16.599999999999994,44.4,24.8,12.190597153699214,12.471823995090828,37.39461284678446,18.754376123252122,9.856100076016151
Zhejiang,1996,7.900000000000006,34.8,16.599999999999994,6.8628405135422375,5.604555797679893,23.762525151417034,12.18784643630919,5.215568187431612
Zhejiang,1997,2.799999999999997,0.2,7.900000000000006,2.044958575747202,1.9174595890319592,-0.3857996320929467,5.613376075256573,0.9844010240822048
Zhejiang,1998,-0.2999999999999972,-9.5,2.799999999999997,-3.0722721166312965,-0.15607497188859742,-7.5167910720558355,1.90838650451108,-3.385450928952293
Zhejiang,1999,-1.2000000000000028,-7.4,-0.2999999999999972,-7.2906243817416785,-0.7852072008998215,-5.455923780950393,-0.15098535343519212,-6.7494626666095865
Zhejiang,2000,1.0,-6.5,-1.2000000000000028,-9.388633361215199,1.0237308288977118,-4.03636320865617,-0.73240644094917,-8.389082252281751
Zhejiang,2001,-0.20000000000000284,-3.0,1.0,-10.910030611546516,-0.47043119009061135,-1.836178910957493,1.0247295501308844,-8.773296111283988
Zhejiang,2002,-0.9000000000000057,5.4,-0.20000000000000284,-8.923057020991566,-0.6923446726752119,4.4377442787484735,-0.4586515552463975,-6.128143307515971
Zhejiang,2003,1.9000000000000057,-2.6,-0.9000000000000057,-5.21997869967764,1.486608826606581,-3.252275023786603,-0.7136856771852513,-2.5656091499187967
Zhejiang,2004,3.9000000000000057,-2.3,1.9000000000000057,-3.9096705481221647,2.682821508761411,-1.188553997130086,1.4393398183283623,-1.6179973653133461
Zhejiang,2005,1.2999999999999972,7.5,3.9000000000000057,-3.482643893659045,0.7637829363061871,5.636382128056081,2.633116323886224,-1.8464206566390653
Zhejiang,2006,1.0999999999999943,7.9,1.2999999999999972,-0.7469200527886812,0.553009031788362,4.646144629869884,0.6959385619239495,0.7893883873969803
Zhejiang,2007,4.200000000000003,-3.9,1.0999999999999943,1.5459633232015193,2.2408617078756086,-2.7080320717507305,0.5052435511457575,2.710103432643172
Zhejiang,2008,5.0,0.7,4.200000000000003,-0.3986646836723935,2.6886796969591833,0.280797685242237,2.3254747551565105,-0.11154137558510041
Zhejiang,2009,-1.5,10.4,5.0,-1.9011537712382849,-1.3280768093888629,5.918553283498251,2.687457324245499,-1.398478080183952
Zhejiang,2010,3.799999999999997,6.6,-1.5,4.05921759583039,2.5467351123992663,3.56543215223585,-1.3453744008196624,2.5244425851082775
