,,pi,x,new_pi,new_x
Anhui,1992,8.200000000000003,14.636466607667884,-5.172625828433843,-22.85592425210628
Anhui,1993,14.700000000000005,14.136329844307651,-16.144726557992122,-17.22718395368299
Anhui,1994,26.90000000000001,2.3360285503235048,-17.632439804655053,-18.09104194373401
Anhui,1995,14.799999999999995,10.11929833703232,-16.587598587758745,-1.626677778387879
Anhui,1996,9.900000000000006,4.8675978334621846,-4.878175419678871,-2.0535008558935433
Anhui,1997,1.2999999999999972,5.256501973236865,-4.1721836089445645,2.0382511462539745
Anhui,1998,0.0,3.288102050304857,0.38258458981705545,3.5391364546285695
Anhui,1999,-2.200000000000003,1.7431162456614544,-0.3800550817431752,6.7279912060610885
Anhui,2000,0.7000000000000028,-2.773273102436334,-1.113103832724839,4.489449477950322
Anhui,2001,0.5,-3.150225234368122,-1.0822469738202047,9.324661892694094
Anhui,2002,-1.0,-5.539310970319605,0.512620389844611,7.784820158475651
Anhui,2003,1.7000000000000028,-8.149445300973596,0.2938773869281059,4.803507688209206
Anhui,2004,4.5,-5.623122452996769,-0.9706395185991735,4.890270980294299
Anhui,2005,1.4000000000000057,-7.014825304205459,-1.6944676579940992,2.3999064660113554
Anhui,2006,1.2000000000000028,-7.174695316621211,-0.8313662290726885,-0.860913115334942
Anhui,2007,5.299999999999997,-5.939914323233737,-1.9962172545271808,-4.023762685208559
Anhui,2008,6.200000000000002,-4.748193464974051,-1.7580324405102623,-2.64365659200128
Anhui,2009,-0.9000000000000057,-2.142233872743532,0.44828448691198003,-1.4101620074403802
Anhui,2010,3.0999999999999943,5.421522246557274,-0.37784765526034003,0.27373396505263115
Anhui,2011,5.599999999999994,12.652965771838653,0.004721174345251636,4.3277224445536255
Beijing,1992,9.900000000000006,45.54890405806236,5.277691944428201,34.86725299067744
Beijing,1993,19.0,27.275555924638482,9.153342123869377,17.48386655164995
Beijing,1994,24.90000000000001,12.449532793178234,8.964701170760684,6.017219295081282
Beijing,1995,17.299999999999994,9.268362726091397,5.831181573916129,4.458627515726264
Beijing,1996,11.599999999999996,1.2403138921280572,6.186654405889024,-2.3051740121272264
Beijing,1997,5.299999999999997,-2.7093051547791163,3.783879991732697,-5.2719015017424935
Beijing,1998,2.4000000000000057,-5.299015766029498,2.7964480938790772,-6.841269120979417
Beijing,1999,0.5999999999999943,-7.890239958470772,1.5748115326463257,-7.7584223179305125
Beijing,2000,3.5,-9.003908054320007,3.133538257378122,-7.3754109918669135
Beijing,2001,3.0999999999999943,-10.367497442378069,2.923245591938862,-7.340975736657639
Beijing,2002,-1.7999999999999972,-7.77076166436737,-1.4075707694758266,-3.9135766704566923
Beijing,2003,0.20000000000000284,-7.283746235553139,-0.43418776871084014,-3.173061887501373
Beijing,2004,1.0,-3.399985192214104,-1.2132618780430138,0.3404664935214646
Beijing,2005,1.5,-3.9281031825444903,0.5348056760957062,-0.25217466154742946
Beijing,2006,0.9000000000000057,-1.9506448928467532,0.22547186193461882,1.041829678588575
Beijing,2007,2.4000000000000057,3.496717533182704,-0.2100143815650616,5.43280587229884
Beijing,2008,5.099999999999994,-0.12892155416516005,2.9148104246831927,0.8643905284954101
Beijing,2009,-1.5,0.4018383465699316,-1.158429140772894,0.7796145295373946
Beijing,2010,2.4000000000000057,3.915205552207084,1.3703711390055637,2.3880754431900515
Beijing,2011,5.599999999999994,4.163018290962995,4.557221586537574,2.381749032734046
Fujian,1992,5.900000000000006,8.961570547599694,-8.715867581565755,-35.693746865651626
Fujian,1993,15.400000000000004,10.78019306343549,-14.78211593726575,-22.83014686999438
Fujian,1994,25.3,11.102148645618088,-17.762088529758966,-5.569464163402279
Fujian,1995,15.200000000000005,6.772317186393592,-15.420707564606124,-3.97861680296644
Fujian,1996,5.900000000000006,5.3269679506661864,-9.686750175220093,-1.484740895937771
Fujian,1997,1.7000000000000028,6.345622999043826,-3.362005101723299,3.6935635920993812
Fujian,1998,-0.2999999999999972,4.835406358664713,0.5760215556923797,4.527757392315128
Fujian,1999,-0.9000000000000057,2.2678600026117834,1.7425072670187265,5.954326410683556
Fujian,2000,2.0999999999999943,-1.2116510969800487,1.0954732995136731,5.325763282715555
Fujian,2001,-1.2999999999999972,-3.3055940848530554,-4.207599331956215,9.591371661892532
Fujian,2002,-0.5,-5.039188272149247,0.9087029686549973,10.103928036592292
Fujian,2003,0.7999999999999972,-6.5858974001284185,-1.3103489329880305,9.34677832460828
Fujian,2004,4.0,-7.793297099166168,-2.632033884928154,3.614940193048837
Fujian,2005,2.200000000000003,-8.727449133834924,-1.1270737261538786,1.408754675433227
Fujian,2006,0.7999999999999972,-7.068358729045954,-1.9603684271633535,-0.8992974547774462
Fujian,2007,5.200000000000003,-3.932784583607969,-4.004853715508098,-2.0517873291361255
Fujian,2008,4.599999999999994,-3.6966653299418373,-9.697826921037503,-1.0861601016125566
Fujian,2009,-1.7999999999999972,-0.04208520775068792,-0.6943397994050065,4.881713399021799
Fujian,2010,3.200000000000003,5.908924028347684,-6.376999355035831,-4.562093567882694
Fujian,2011,5.299999999999997,9.633301115875213,-10.174958999426261,-14.368113764384159
Gansu,1992,7.200000000000002,26.469859558885066,1.243440904249306,11.626384091909046
Gansu,1993,15.400000000000004,15.166266188881151,3.194256221067406,1.8334863970053694
Gansu,1994,23.700000000000006,2.670914376096817,5.0722530409484605,-5.688984112499233
Gansu,1995,19.8,-4.2597054895749125,7.025419698554192,-10.688028348476857
Gansu,1996,10.200000000000003,2.287207074622557,3.750278058449956,-1.5371681692863755
Gansu,1997,2.9000000000000057,-0.8820736307612975,0.7604953629697472,-3.3206228979811008
Gansu,1998,-1.0,1.3956267512919425,-0.7391295811550463,0.9377398428889904
Gansu,1999,-2.4000000000000057,1.0010320029252568,-1.398432302195997,2.5715993531578443
Gansu,2000,-0.5,0.5096787174542925,-0.845364921520271,3.2165280585136893
Gansu,2001,4.0,-7.419461654610274,3.4555979755208526,-2.8327930766142764
Gansu,2002,0.0,-9.446203536353153,0.5951927802349791,-2.9680338536961175
Gansu,2003,1.0999999999999943,-9.250615493089725,0.12319869330556035,-2.0994855962197114
Gansu,2004,2.299999999999997,-4.6021360765121235,-1.0935605570002538,1.6654771185759791
Gansu,2005,1.7000000000000028,-4.043659877111338,0.18816032774559333,0.2942163119139325
Gansu,2006,1.2999999999999972,-0.038130040436001884,-0.0516155240545979,3.1127511750596675
Gansu,2007,5.200000000000003,1.5878052039157495,0.6664415886649458,3.886083370003166
Gansu,2008,8.200000000000003,-0.1470745041279855,2.6427398866111016,1.0713006671732996
Gansu,2009,1.2999999999999972,-4.3998229987064414,1.7889805828101841,-2.2645410331157017
Gansu,2010,4.099999999999993,2.460268945440916,0.6578869696437396,-1.7007520457557708
Gansu,2011,5.900000000000006,8.677566850706597,0.11529157375985082,-0.9991383793537214
Guangdong,1992,7.299999999999998,32.08870177699737,4.337121369866729,25.227404131280625
Guangdong,1993,21.599999999999994,24.57140485184865,15.383551287987832,18.396623843014083
Guangdong,1994,21.700000000000006,14.179753980869975,13.792208093380847,10.607439065973873
Guangdong,1995,14.0,10.092935304258232,8.809021046719778,7.996971378805461
Guangdong,1996,7.0,2.661591020364611,4.6837127002667485,1.190843743801181
Guangdong,1997,1.9000000000000057,-0.1682745718500911,1.1748953293048645,-1.1210349316017447
Guangdong,1998,-1.7999999999999972,-2.6315823919770054,-1.5397706183293,-3.043261517848908
Guangdong,1999,-1.7999999999999972,-6.1695343508009435,-1.3371138618619405,-5.792630184510579
Guangdong,2000,1.4000000000000057,-6.3215348922140455,1.3544756472203596,-5.232862696066942
Guangdong,2001,-0.7000000000000028,-7.860202763653206,-0.9001150158214668,-5.914199712901436
Guangdong,2002,-1.4000000000000057,-8.631438583960332,-1.1399821318419827,-6.222360481297962
Guangdong,2003,0.5999999999999943,-6.909144245371365,0.19668983696928793,-4.238397142253038
Guangdong,2004,3.0,-5.6833811624508,1.6268578966601848,-3.4982583721292535
Guangdong,2005,2.299999999999997,-3.7144048628151434,1.7573776465123805,-1.7306071280979247
Guangdong,2006,1.7999999999999972,-1.9582959678082967,1.319628766213424,-0.32895764575880604
Guangdong,2007,3.700000000000003,0.2651715313618581,1.6400908964343166,1.5373117063330128
Guangdong,2008,5.599999999999994,1.0680235351612737,2.8070821633869687,1.9230159953304307
Guangdong,2009,-2.299999999999997,0.5734958874797087,-2.064290078009879,1.7051150083576365
Guangdong,2010,3.0999999999999943,3.7766331648632274,1.8856058533092146,2.2072040608950205
Guangdong,2011,5.299999999999997,4.782271837234802,3.233616528480018,1.0960530507228783
Guangxi,1992,5.900000000000006,11.893972942964012,-5.700847036523074,-15.378192606646806
Guangxi,1993,22.0,12.591876470511124,-3.912842253851234,-13.282664148531534
Guangxi,1994,26.0,12.646344335794835,-7.287096982248274,-2.791731972645562
Guangxi,1995,18.400000000000006,9.476316329285424,-3.9725523657621284,2.5838867461755695
Guangxi,1996,6.5,7.381339017151305,-3.40641415976959,4.181884667779184
Guangxi,1997,0.7999999999999972,4.803900074407609,-2.6765028147600654,3.9219901274670903
Guangxi,1998,-3.0,3.9130178350302174,-1.8287113245325535,4.849123752481235
Guangxi,1999,-2.299999999999997,-0.3961896699762235,-0.5576399280636883,2.532105626396536
Guangxi,2000,-0.2999999999999972,-5.094634992857081,-0.7982363868641923,-1.0039068261965092
Guangxi,2001,0.5999999999999943,-7.7062945328833345,-0.0015419420432736084,-0.746020239899313
Guangxi,2002,-0.9000000000000057,-8.614981470943292,0.19863007519902628,-0.0715713907115227
Guangxi,2003,1.0999999999999943,-10.929474416174829,-0.06534009599000405,-2.1806966803082624
Guangxi,2004,4.400000000000006,-8.719689679509429,-1.2495287814581175,0.07010879520714221
Guangxi,2005,2.4000000000000057,-6.976153303256055,0.26335117350064147,1.2483324899116401
Guangxi,2006,1.2999999999999972,-4.1134753702986435,-0.8215568562399496,2.7311852893865467
Guangxi,2007,6.099999999999994,-1.2843271367765254,-1.1759195781853211,3.9970499574239096
Guangxi,2008,7.799999999999998,-1.7393123271528594,-1.3804142722234225,2.7260340490612185
Guangxi,2009,-2.0999999999999943,-3.2814127637502963,-0.8296992161528046,-2.1589997704495807
Guangxi,2010,3.0,4.790233203383792,-1.896466768522482,-1.305468090666389
Guangxi,2011,5.900000000000006,11.210453176009764,-1.9834659392257667,-2.7784080664215565
Guizhou,1992,7.799999999999998,18.558206511260323,1.5712311523162243,5.187854790660922
Guizhou,1993,16.0,17.12374995752664,-0.05437277865349489,2.7212850944165443
Guizhou,1994,22.8,12.0119236633831,2.542030405799535,2.4592986696663983
Guizhou,1995,21.400000000000006,4.636872074220406,8.757772905713534,-0.38734624851664173
Guizhou,1996,9.099999999999994,1.5408949492145467,4.10954860919536,-0.8534347397126734
Guizhou,1997,3.4000000000000057,1.220480187140737,2.0544872342091907,0.7326809743866699
Guizhou,1998,0.09999999999999433,-1.2144792965295608,1.5506791974142724,-1.1445950994298841
Guizhou,1999,-0.7999999999999972,-1.2232839309842376,0.6062170181844627,0.35744422233112644
Guizhou,2000,-0.5,-1.8947949037760312,-0.8991331234097176,0.9999696075044879
Guizhou,2001,1.7999999999999972,-5.421419675870396,1.9927582012347271,-1.5230656196605226
Guizhou,2002,-1.0,-7.175419376700603,-0.4378821452456852,-2.7120317989189395
Guizhou,2003,1.2000000000000028,-7.276682640271886,0.66311804218249,-2.4197998868147423
Guizhou,2004,4.0,-7.80168019058236,1.0832672935733174,-3.273743043599942
Guizhou,2005,1.0,-5.341418286908407,-0.35129462415891904,-0.9451583456120889
Guizhou,2006,1.7000000000000028,-5.901285089806521,0.6190929192113095,-2.401030590038263
Guizhou,2007,6.400000000000006,-5.5308258909726655,2.6776992038906307,-3.3779552689780443
Guizhou,2008,7.599999999999994,-5.039363841171267,2.506822120025493,-3.2722070611714176
Guizhou,2009,-1.2999999999999972,0.6652640509680481,-0.3246976108311483,2.270965607920593
Guizhou,2010,2.9000000000000057,4.213850303830043,0.2583691081972125,0.7764105575937892
Guizhou,2011,5.099999999999994,12.034156276377587,0.7720133352987282,4.6325682181522865
Hainan,1992,8.700000000000003,11.638088816821805,-6.194574749956222,-29.90738554305811
Hainan,1993,23.3,19.24234696414216,-9.812158279728852,-14.676291360159018
Hainan,1994,26.700000000000006,12.568087569761847,-17.318253402925137,-9.49605490429876
Hainan,1995,13.5,1.8370673343447947,-18.245900223842188,-13.605023586133445
Hainan,1996,4.299999999999997,-2.035929006513854,-9.417933475400853,-10.602988300682453
Hainan,1997,0.7999999999999972,-4.637386749601447,-3.778418949179779,-10.087594543394905
Hainan,1998,-2.700000000000003,-2.7324649167327517,-0.7682024202648194,-3.907933126765516
Hainan,1999,-1.7000000000000028,-2.276888241643576,1.0568998194874177,1.4786001766380485
Hainan,2000,1.0999999999999943,-2.878649788315641,0.7826464689142024,3.352857587371981
Hainan,2001,-1.5,-2.0586665320067965,-2.4599390047067398,7.995014622211213
Hainan,2002,-0.5,-1.8111950393344076,0.7692921780614844,9.54390308982486
Hainan,2003,0.09999999999999433,-2.3797309015753427,-1.3420966746961067,8.305328665337083
Hainan,2004,4.400000000000006,-4.030742940902768,-0.600628266041694,5.587391432757406
Hainan,2005,1.5,-6.737538351936891,-0.9176571052746351,0.4160217852274042
Hainan,2006,1.5,-6.333756281641443,-0.5413863459577197,-0.8236260373663421
Hainan,2007,5.099999999999994,-5.33558139756704,-1.7900071092913883,-2.162316518960148
Hainan,2008,6.900000000000006,-5.0049301747003065,-1.5866208384593032,-2.804451091206149
Hainan,2009,-0.7000000000000028,-2.4311714389251904,1.3554823470474475,-1.1215059802563214
Hainan,2010,4.799999999999997,5.520075000384112,0.6537438346878812,-0.31446545568223566
Hainan,2011,6.099999999999994,11.649268630901474,-1.325784423283603,-1.3893315008001925
Hebei,1992,6.099999999999994,19.995972857348818,0.3298059048707428,4.564478760571313
Hebei,1993,13.799999999999995,17.288359571723035,1.4409626682015702,1.6605995833510063
Hebei,1994,22.599999999999994,6.644445210044452,2.5080705376806542,-2.450574722347413
Hebei,1995,15.200000000000005,5.523702495558653,1.6909625128219736,-0.7243408177840175
Hebei,1996,7.099999999999994,5.480548015492432,0.684213577932318,0.98086105799641
Hebei,1997,3.5,3.6365134647710136,1.2822250827041604,1.0400184120751486
Hebei,1998,-1.5999999999999943,0.8926738423557197,-1.1590860060108727,0.07535730868406851
Hebei,1999,-1.9000000000000057,-2.940094443435157,-1.0641316423166607,-2.0128461032397778
Hebei,2000,-0.2999999999999972,-3.3612680471322847,-0.22984328638785662,-1.9959327707104766
Hebei,2001,0.5,-6.737750692002408,0.19756349543662466,-3.8825023052219025
Hebei,2002,-1.0,-9.005918114474156,-0.8117978199198002,-5.292312127784454
Hebei,2003,2.200000000000003,-9.38042735960424,1.642650716362336,-5.761237109860893
Hebei,2004,4.299999999999997,-5.718183483418244,2.7088515778191815,-2.5272590859139723
Hebei,2005,1.7999999999999972,-2.005616640380083,1.0742139511223865,0.3404381414000146
Hebei,2006,1.7000000000000028,-1.9224607797413429,1.1235529518146619,-0.08102548661363647
Hebei,2007,4.700000000000003,0.06013300352998385,2.9286629775851347,1.2382257248232214
Hebei,2008,6.200000000000002,0.4381100438509691,4.2956282537194035,0.83763098221857
Hebei,2009,-0.7000000000000028,-2.1554529055831324,-0.601811829958742,-1.8881499882518629
Hebei,2010,3.0999999999999943,2.6956742636232316,2.2481615647421855,1.4945800810683165
Hebei,2011,5.700000000000002,7.5134651821513225,4.523663873042899,5.537078048522375
Heilongjiang,1992,9.200000000000003,10.090337247169385,-5.099457484278266,-25.25365869216351
Heilongjiang,1993,14.799999999999995,7.071744252210437,-13.243067328260313,-21.168331681415918
Heilongjiang,1994,21.90000000000001,6.281966421502986,-21.281112467585583,-12.733768891702669
Heilongjiang,1995,16.099999999999994,3.3815278755660074,-16.64237586199316,-8.80414683828943
Heilongjiang,1996,7.099999999999994,5.047625033104282,-9.597386606602022,-4.449712008421436
Heilongjiang,1997,4.400000000000006,3.740850263781724,-1.311959204590381,-3.0540736048307506
Heilongjiang,1998,0.4000000000000057,-1.5227534801554867,1.6938731831636482,-5.343681571744524
Heilongjiang,1999,-3.200000000000003,-3.843501535688716,-0.6405121732223439,-1.9084011032942139
Heilongjiang,2000,-1.7000000000000028,-1.8553063555479383,-1.543405326797997,2.222174089674247
Heilongjiang,2001,0.7999999999999972,-4.67775221372068,-0.6261442335453823,4.921262250977888
Heilongjiang,2002,-0.7000000000000028,-6.502890515109755,0.05604127749660874,6.959818683700328
Heilongjiang,2003,0.9000000000000057,-6.324401901117014,-1.5718598141543179,8.35308362510888
Heilongjiang,2004,3.799999999999997,-4.296151319981959,-2.966715658286827,8.410072577331949
Heilongjiang,2005,1.2000000000000028,-0.5389642518281761,-1.936526813736001,9.589684671466841
Heilongjiang,2006,1.9000000000000057,-0.21748912720715907,-0.514107411726008,7.3974293248219825
Heilongjiang,2007,5.200000000000003,-1.5078700337057709,-2.1871761254512467,3.543862723213178
Heilongjiang,2008,5.599999999999994,0.3737598723293303,-2.4220975193639966,2.9045641888914293
Heilongjiang,2009,0.20000000000000284,-4.88393196987694,0.45929372091697285,-3.081500271381227
Heilongjiang,2010,3.9000000000000057,2.0358166691417665,0.31968009475892883,-3.280193357621724
Heilongjiang,2011,5.799999999999998,8.576860311078718,0.018455242574932244,-2.119226986812934
Henan,1992,5.400000000000006,18.757190281226823,-0.6337191874688343,1.7390886994557522
Henan,1993,10.400000000000006,18.34853674259745,-1.345684014137632,2.853173170246262
Henan,1994,25.200000000000006,9.42471879673296,5.74476083916789,-1.7079464077898205
Henan,1995,16.5,11.323379038887609,0.9736170279969297,2.818678983424744
Henan,1996,10.5,8.622076637740221,2.7215375301513074,0.5393860615233993
Henan,1997,3.5,3.8087993154532005,0.5903156092123502,-1.3438722314401395
Henan,1998,-2.5,0.9816381049538164,-2.060562094742848,-1.54191927338059
Henan,1999,-3.0999999999999943,-3.0113869553509858,-2.231075394732448,-2.261747917711813
Henan,2000,-0.7999999999999972,-3.3090296910832815,-1.0372845316068882,-0.9654796548671812
Henan,2001,0.7000000000000028,-7.380823136745889,0.3286898189722125,-2.059242066058368
Henan,2002,0.09999999999999433,-11.360410160882056,0.4565414552046756,-3.700235685218928
Henan,2003,1.5999999999999943,-12.954203027142114,0.1534075299564969,-4.668535584078402
Henan,2004,5.400000000000006,-9.762347639905073,2.118328131891112,-2.6916818557547715
Henan,2005,2.0999999999999943,-3.750670504669003,0.5342152458141333,1.4681345137093345
Henan,2006,1.2999999999999972,-1.8799703605180296,0.05498382803894994,2.4372781814235935
Henan,2007,5.400000000000006,0.6445185559781805,1.6752296671233222,3.532176760922911
Henan,2008,7.0,3.4618692713295616,2.995528625447765,4.962247323067669
Henan,2009,-0.5999999999999943,-0.40238305685103626,-0.420970135917433,-0.08559309111049702
Henan,2010,3.5,3.9348784733835633,1.7377299205361387,1.0507626927704425
Henan,2011,5.599999999999994,5.359761402511894,2.930247952112754,0.4065089900339541
Hubei,1992,9.599999999999994,21.4152220221725,5.741916148437017,12.409244488985578
Hubei,1993,18.400000000000006,14.181158197365944,11.868544708149653,6.836349429858304
Hubei,1994,25.3,7.464139488310707,14.677453771568885,2.3072913085027436
Hubei,1995,20.0,2.2962403413475267,12.105245518605965,-1.4817085882959575
Hubei,1996,9.400000000000006,1.945151714224579,5.323616266421922,-1.232017648939574
Hubei,1997,3.200000000000003,3.4729628520773166,1.5711592900313212,1.5062286174210788
Hubei,1998,-1.5999999999999943,4.529077597031588,-1.367109623835595,4.192512403537202
Hubei,1999,-2.200000000000003,0.4234509247825145,-1.3051880079798948,1.608489099306191
Hubei,2000,-1.0,0.1931353586456908,-0.8894057688795857,1.7311534004088915
Hubei,2001,0.2999999999999972,-2.3183287675819315,-0.058173256514790994,0.7542557161297259
Hubei,2002,-0.4000000000000057,-5.473227325219781,-0.1605792392658316,-1.7250464465967432
Hubei,2003,2.200000000000003,-7.735617920742585,1.700609944755781,-4.21258591080805
Hubei,2004,4.900000000000006,-8.307981946270843,3.30407865794425,-5.33205068055517
Hubei,2005,2.9000000000000057,-9.298729820707848,2.2091377003900354,-7.380234798822075
Hubei,2006,1.5999999999999943,-8.615085077338463,0.893000393546487,-7.128320428946951
Hubei,2007,4.799999999999997,-6.2250762510042525,2.532662294855743,-5.164706959635206
Hubei,2008,6.299999999999998,-3.8685704410009407,3.7503683203459115,-3.494517678998775
Hubei,2009,-0.4000000000000057,-1.2850889838870927,-0.30115876400342584,-0.47157441592335203
Hubei,2010,2.9000000000000057,6.497880144685283,1.521623000275615,5.032774163099147
Hubei,2011,5.799999999999998,12.267542392544955,3.686702499478871,8.790567339275709
Hunan,1992,10.700000000000003,13.96117442283422,7.320203346648838,3.3813566017058614
Hunan,1993,16.799999999999994,11.181897953597968,10.093743051687799,1.4132326392743564
Hunan,1994,25.3,7.1595153849532105,14.444667566067299,0.5258924672845753
Hunan,1995,19.0,6.5288009194574235,10.915603190710412,1.6071294450323665
Hunan,1996,7.700000000000002,8.093249535037144,3.8484519808055184,4.1244292621369905
Hunan,1997,2.799999999999997,8.116104224787165,1.1105649965727082,5.411532085724598
Hunan,1998,0.20000000000000284,4.6885801885729,0.5883794019845454,3.331500299448926
Hunan,1999,0.5,0.5844165300252087,1.1551318610534156,0.9927780337492387
Hunan,2000,1.4000000000000057,-1.0835950074488494,1.3416502161741422,0.3378059448131555
Hunan,2001,-0.9000000000000057,-3.521512420147701,-1.2145030822994114,-0.1316375287913058
Hunan,2002,-0.5,-6.556565609003228,-0.36556878348433897,-1.7316576735483031
Hunan,2003,2.4000000000000057,-9.422872269405332,1.659230990260114,-4.344820386702477
Hunan,2004,5.099999999999994,-8.101710659325718,3.359261560709674,-3.2934217334830374
Hunan,2005,2.299999999999997,-8.833913571736389,1.329593830644902,-5.16730277396413
Hunan,2006,1.4000000000000057,-8.024646252560828,0.664013050616039,-5.0501672896437375
Hunan,2007,5.599999999999994,-6.54227722973549,3.09037573879922,-4.493332212455426
Hunan,2008,6.0,-5.133171432234988,2.2792717065330614,-3.8066559680959915
Hunan,2009,-0.4000000000000057,-1.390383471493223,-0.2789634598800388,-1.796181264943138
Hunan,2010,3.0999999999999943,6.811919126487992,1.930676774924559,4.820983613716719
Hunan,2011,5.5,12.776572114400947,3.62402027205954,9.429145638095328
InnerMongolia,1992,7.400000000000006,38.99781107354539,1.4226588143853447,24.96017587168113
InnerMongolia,1993,14.099999999999996,37.10770893960151,2.249871854004536,24.02993804417661
InnerMongolia,1994,22.90000000000001,28.635105755499726,3.896548142478479,21.216562249375606
InnerMongolia,1995,17.5,20.815805622006067,4.150353547798719,15.031413590947757
InnerMongolia,1996,7.599999999999994,19.48263564531605,0.4125873777765103,14.5782716414182
InnerMongolia,1997,4.5,13.81034006237482,1.8455337767794397,10.705494494802009
InnerMongolia,1998,-0.7000000000000028,9.239916073006953,0.12214046749587476,7.927232276354949
InnerMongolia,1999,-0.20000000000000284,2.5494040723730222,1.3530425621517448,4.316448511475208
InnerMongolia,2000,1.2999999999999972,-4.540336031606344,1.3578263916434081,-2.0031398186238607
InnerMongolia,2001,0.5999999999999943,-11.763521657916884,0.048963885628119014,-6.011576718585728
InnerMongolia,2002,0.20000000000000284,-17.355113962396384,0.6499606887789751,-8.054992619634712
InnerMongolia,2003,2.200000000000003,-17.773183962267648,0.23517117919282327,-6.375518525691599
InnerMongolia,2004,2.9000000000000057,-15.764406723596508,-2.600542790111008,-5.716903060043588
InnerMongolia,2005,2.4000000000000057,-12.235467929704823,-0.038128403201634326,-4.415405471420673
InnerMongolia,2006,1.5,-9.673742980225512,-0.5364353195361397,-2.7363774472795424
InnerMongolia,2007,4.599999999999994,-7.670552410804233,-2.800696420294348,-3.1424207201844903
InnerMongolia,2008,5.700000000000002,-4.219415002465851,-6.27364212256199,-0.28542952658615856
InnerMongolia,2009,-0.2999999999999972,4.944360773319716,0.17495778887084537,6.786547819122967
InnerMongolia,2010,3.200000000000003,7.65382154808421,-3.0049167933162066,-1.6953037202881138
InnerMongolia,2011,5.599999999999994,11.469926380362153,-5.170482904494947,-6.900918874917328
Jiangsu,1992,6.599999999999994,18.731599806008404,1.1033494144193858,5.064847991645422
Jiangsu,1993,18.200000000000006,21.037097655325425,7.706318294077046,9.591700251500962
Jiangsu,1994,23.200000000000006,16.301477368420166,7.101070295223873,9.480320977862478
Jiangsu,1995,15.799999999999995,12.93961242661237,4.072452120947337,8.738400917379732
Jiangsu,1996,9.299999999999997,7.126119998940637,3.5188452282414455,3.720806718562648
Jiangsu,1997,1.7000000000000028,4.42147253856011,-0.44744483021903203,2.480861396584443
Jiangsu,1998,-0.5999999999999943,0.6232641107623493,-0.12820462232262794,0.19027617984687478
Jiangsu,1999,-1.2999999999999972,-3.5954945961796914,-0.21681955507182588,-2.2543385535096023
Jiangsu,2000,0.09999999999999433,-5.880584604982147,-0.09904917844598018,-3.723043631730012
Jiangsu,2001,0.7999999999999972,-9.682322067782877,0.03614310369945746,-4.922814290839103
Jiangsu,2002,-0.7999999999999972,-10.994646040977573,-0.40470803103900205,-5.19269852607741
Jiangsu,2003,1.0,-10.044884165173812,0.20235297823185075,-4.295827103171802
Jiangsu,2004,4.099999999999993,-9.254859609594972,1.4315206778662477,-4.431590758289145
Jiangsu,2005,2.0999999999999943,-3.7315332692741943,0.80937044910186,0.477677219576851
Jiangsu,2006,1.5999999999999943,-2.690669307717968,0.38943858664318665,0.47376500216720824
Jiangsu,2007,4.299999999999997,-1.2463462329680937,-0.0472582016194229,0.6214961485978268
Jiangsu,2008,5.400000000000006,-0.5573682381406401,0.2101856203460308,0.6504212998578133
Jiangsu,2009,-0.4000000000000057,-0.2232102465286516,-0.21791587060452453,1.3864595226425593
Jiangsu,2010,3.799999999999997,4.694277586013513,0.990925745472922,1.2984160638498674
Jiangsu,2011,5.299999999999997,7.653888653654691,1.1753011412429168,0.6556280438965444
Jiangxi,1992,5.700000000000002,21.989619045808784,-2.9687136262094653,0.4692827013645792
Jiangxi,1993,14.599999999999996,19.467694243976027,-0.020194641542366828,2.716224079933983
Jiangxi,1994,26.90000000000001,10.920546832682602,3.2988506852394326,-0.6158897535553893
Jiangxi,1995,16.900000000000006,5.7480407664765085,-0.676934551171605,-2.4573657580022092
Jiangxi,1996,8.400000000000006,6.353240515318532,-0.5313171762402545,0.7321045857602683
Jiangxi,1997,2.0,7.220862311414635,-1.5532801720198033,3.9864268413888397
Jiangxi,1998,1.0,2.1745419117343796,1.5144240861636276,1.8681230811921516
Jiangxi,1999,-1.4000000000000057,-0.2804489474250857,0.09675281093211371,2.5700490888044585
Jiangxi,2000,0.2999999999999972,-4.766161988054193,0.3012666292345296,-1.102245548583452
Jiangxi,2001,-0.5,-8.482629791936617,-1.5996132492460713,-1.270627786257268
Jiangxi,2002,0.09999999999999433,-9.857085523318233,0.6923032062754009,-1.3712094113164455
Jiangxi,2003,0.7999999999999972,-10.620539697885716,-0.6410124318994442,-1.3143535155650137
Jiangxi,2004,3.5,-7.316032475272549,-0.22128800969712473,-0.5305551413020024
Jiangxi,2005,1.7000000000000028,-6.6018631327589645,0.1397016857470726,-2.103076618955852
Jiangxi,2006,1.2000000000000028,-3.8511656644368912,-0.3908394638656432,-0.3813248254757756
Jiangxi,2007,4.799999999999997,-2.6514538726073766,-0.5012591027728543,-0.43596607459369935
Jiangxi,2008,6.0,-1.9845274963666384,-1.249293871995299,-0.38449054600574667
Jiangxi,2009,-0.7000000000000028,-2.9990413895477563,-0.4603717432627256,-0.572646290154307
Jiangxi,2010,3.0,4.903102422092361,-0.9360399004939861,0.622598773564134
Jiangxi,2011,5.200000000000003,11.206841113164783,-0.5857933215298807,1.7176633741603078
Jilin,1992,8.0,17.216707070561355,-1.8975978003701983,-11.429129493056237
Jilin,1993,12.599999999999996,18.079746687420734,-6.472683687617617,-5.155914318655057
Jilin,1994,20.599999999999994,14.015893624660535,-10.658407894615879,-0.6211728771110798
Jilin,1995,15.200000000000005,7.947591527379088,-6.546708148311207,-1.107062045157814
Jilin,1996,7.200000000000002,7.587384583226567,-4.140942035664169,-0.16958320282382
Jilin,1997,3.700000000000003,1.6982376718484886,-0.04700163051906042,-3.966799015031203
Jilin,1998,-0.7999999999999972,-0.8073925764942658,-0.7022650912327879,-2.7227488094309678
Jilin,1999,-2.0,-3.532551432336461,-0.4227468873617552,-1.7852503401106485
Jilin,2000,-1.4000000000000057,0.8315800155237696,-1.6127869318345376,5.327817170402731
Jilin,2001,1.2999999999999972,-4.439594091435937,0.40242223052782894,4.131755388968371
Jilin,2002,-0.5,-6.5554411399417924,-0.16200191402737155,4.175517797680035
Jilin,2003,1.2000000000000028,-8.101240270207441,-0.547069339041601,4.6822243988584304
Jilin,2004,4.099999999999993,-9.326388594589687,-0.25838389268287704,-0.47732648070295847
Jilin,2005,1.5,-9.198054144298169,-0.45469037286976366,-2.4355046559199445
Jilin,2006,1.4000000000000057,-7.0405293999250205,-0.30599967952793183,-2.393546168319921
Jilin,2007,5.299999999999997,-3.5954252571452656,-0.6745155168697128,-0.4698988047350523
Jilin,2008,5.099999999999994,-0.8532275604180626,-2.1203409799368056,0.7653583278973144
Jilin,2009,0.09999999999999433,0.5543038014775021,0.3153150582424643,2.671002605819317
Jilin,2010,3.700000000000003,4.312548246195973,-0.6167981037946363,-1.602610787662741
Jilin,2011,5.200000000000003,10.142509496710744,-1.5651980063787139,-2.3391784222629144
Liaoning,1992,6.700000000000002,10.95387058312336,0.40810297213958796,-6.228619957574406
Liaoning,1993,15.200000000000005,21.651627932047692,3.440047410842393,6.594602298310339
Liaoning,1994,24.3,11.382309703039482,5.161702157750503,1.357030679321033
Liaoning,1995,16.099999999999994,1.3283231286074937,1.8814575041966728,-6.158542830265393
Liaoning,1996,7.900000000000006,-1.39782770446854,0.6151865841976388,-7.154132843094258
Liaoning,1997,3.0999999999999943,0.3050616509499662,0.08780724970505593,-3.393740702875737
Liaoning,1998,-0.7000000000000028,0.5418215810340854,-0.26844331346418826,-0.9802470535970088
Liaoning,1999,-1.4000000000000057,-0.04459673674742248,-0.24343652163856405,1.786291787679023
Liaoning,2000,-0.09999999999999433,1.4022334770888136,-0.2141639901824871,4.603446095018063
Liaoning,2001,0.0,-1.6978654011379604,-0.8972382450459239,4.835076936464574
Liaoning,2002,-1.0999999999999943,-3.6536386941332495,-0.8887084982867203,5.79395862958448
Liaoning,2003,1.7000000000000028,-7.3389552343613795,0.11129248005628209,2.5313220114844572
Liaoning,2004,3.5,-11.795611928019936,-0.6086879024156876,-3.238114371755582
Liaoning,2005,1.4000000000000057,-7.5861731015962315,-0.4448345347741242,-0.4251293686256571
Liaoning,2006,1.2000000000000028,-6.55964248146644,-0.4294931935008278,-0.5577122242406594
Liaoning,2007,5.099999999999994,-5.863748692726972,-0.30771360829502986,-2.1021122342522784
Liaoning,2008,4.599999999999994,-1.8578098127013332,-2.473611838954495,0.5790771932592107
Liaoning,2009,0.0,-0.31636535109230124,-0.1820699956329002,0.008845882604937006
Liaoning,2010,3.0,6.329059126531392,-1.5499846805823163,0.00722112016130594
Liaoning,2011,5.200000000000003,10.091843436011489,-1.5334039072003105,-1.9813129292071106
Ningxia,1992,8.299999999999997,24.708691330212986,-22.61735966332951,-56.54934618112909
Ningxia,1993,14.299999999999995,20.455199516960572,-47.448951841616356,-60.258255418889775
Ningxia,1994,23.099999999999994,13.5241463849119,-69.56861646610885,-34.691732185675896
Ningxia,1995,17.099999999999994,11.643162992578864,-47.67858301356494,-16.018919701132653
Ningxia,1996,6.799999999999998,8.697730176166461,-24.102298537376747,-6.621060448609846
Ningxia,1997,3.799999999999997,3.8734297027291262,-8.997583265194715,-7.161492803148197
Ningxia,1998,0.0,1.18098411285672,1.6744040203366972,-2.7194607429647646
Ningxia,1999,-1.2999999999999972,-2.1375139657809683,3.08885118891567,5.7578859709535655
Ningxia,2000,-0.4000000000000057,-3.731645391386365,-1.635579040890226,7.873270681153554
Ningxia,2001,1.5999999999999943,-5.398162731321462,-1.0287595611172808,19.01180931851308
Ningxia,2002,-0.5999999999999943,-7.591841766353197,0.44937145256717465,23.210176174449778
Ningxia,2003,1.7000000000000028,-5.009646691440223,-3.3277007942992247,26.321667857683188
Ningxia,2004,3.700000000000003,-6.5114621160610255,-8.217164874728144,21.55175655734182
Ningxia,2005,1.5,-9.92316560956435,-3.8323915557427637,10.11912659953625
Ningxia,2006,1.9000000000000057,-9.859886190748126,-2.5238573230638606,5.652608204501436
Ningxia,2007,5.5,-6.580767066080013,-9.559877394679553,3.7443505572332234
Ningxia,2008,8.5,-6.392726526632174,-9.40733070900847,-2.6000421260765876
Ningxia,2009,0.7000000000000028,0.20465499497291265,0.724257122927804,1.330782837848136
Ningxia,2010,4.099999999999993,6.145279416903065,-5.424913973131924,-8.142662343508109
Ningxia,2011,6.299999999999998,13.22032716530282,-9.75616423776407,-16.13054004534916
Qinghai,1992,8.0,15.384377679591493,-5.648269956878384,-21.6073139341409
Qinghai,1993,13.200000000000005,18.67367111210048,-16.453177003580212,-19.818359136188207
Qinghai,1994,21.8,14.585363814845168,-25.74867180896006,-8.966690981523959
Qinghai,1995,18.0,9.802226426512092,-17.306050529124057,-5.154984826121522
Qinghai,1996,10.799999999999995,1.1289517476470223,-5.832247738418532,-8.142688122192288
Qinghai,1997,4.799999999999997,-1.8978677022981856,-1.5398478169503589,-7.96044799743557
Qinghai,1998,0.7000000000000028,-2.8965589757049486,1.8179009780728674,-4.820624092631445
Qinghai,1999,-0.5,-4.177405158331112,0.6330073837170673,2.095514064667769
Qinghai,2000,-0.5,-4.813155049579193,-3.043398474784981,5.5661971548642475
Qinghai,2001,2.5999999999999943,-6.038993146618522,1.200045127655234,12.699353556427871
Qinghai,2002,2.299999999999997,-7.775755607352438,3.3365447612638923,15.436494777556279
Qinghai,2003,2.0,-8.761267032012327,-0.72782517622414,10.630672952661019
Qinghai,2004,3.200000000000003,-7.065169870067892,-4.8912725133385075,7.625623661995236
Qinghai,2005,0.7999999999999972,-5.304148563848925,-2.9894291069186902,6.793970743050162
Qinghai,2006,1.5999999999999943,-2.9929437083869463,-2.100512887101174,6.720089677157268
Qinghai,2007,6.700000000000002,-0.9824430005825916,-5.032520137226992,2.7903540710785038
Qinghai,2008,10.099999999999994,-1.2902760453668805,-6.184659076167457,0.4705383457665873
Qinghai,2009,2.5999999999999943,-2.5384951112474994,2.8928514207538902,-1.1486975830551271
Qinghai,2010,5.400000000000006,4.7929790418861415,-4.733989256222287,-8.925656478544518
Qinghai,2011,6.099999999999994,9.331744699498016,-9.220137421399048,-14.345824109117125
Shaanxi,1992,10.299999999999997,26.730014847985004,10.288516055652162,26.700630811011496
Shaanxi,1993,13.099999999999996,29.492988219505065,13.079064163664356,29.468998758614127
Shaanxi,1994,26.700000000000006,15.302081021982872,26.668467785798473,15.287275315205202
Shaanxi,1995,19.0,9.340937882926356,18.977172527116753,9.3306890700413
Shaanxi,1996,9.700000000000003,6.316687573356488,9.688647596362799,6.310213526593313
Shaanxi,1997,4.799999999999997,2.714622692517125,4.795778291797322,2.710356755057934
Shaanxi,1998,-1.5999999999999943,-0.24353278468822734,-1.5995157988901125,-0.2444622896172567
Shaanxi,1999,-2.200000000000003,-1.5817811234641257,-2.1983401752218503,-1.578505671745849
Shaanxi,2000,-0.5,-2.0471686641341047,-0.5001961685632631,-2.0432729380298307
Shaanxi,2001,1.0,-6.334585687531912,0.9988535179302901,-6.3274034039985345
Shaanxi,2002,-1.0999999999999943,-8.611374813524762,-1.0994763489467245,-8.602715901647754
Shaanxi,2003,1.7000000000000028,-11.470449613343575,1.6918386545887276,-11.425237860435411
Shaanxi,2004,3.0999999999999943,-9.65111814634787,3.072526686685218,-9.589657594495025
Shaanxi,2005,1.2000000000000028,-8.848185904625822,1.1783418826799197,-8.769295301996266
Shaanxi,2006,1.5,-7.010792080616525,1.472971628821412,-6.943222869077785
Shaanxi,2007,5.200000000000003,-7.141427646616279,5.092954992926598,-7.094327456867245
Shaanxi,2008,6.400000000000006,-4.09894349584674,6.255205402225295,-4.071999121734049
Shaanxi,2009,0.5,0.8965567576336326,0.4938789060844584,0.9089337157976335
Shaanxi,2010,4.0,6.14744300259504,3.9234138987935547,6.052609566369451
Shaanxi,2011,5.700000000000002,12.11416450079116,5.589153053680667,11.939205752304664
Shandong,1992,6.799999999999998,22.274785096918112,0.9867601433947137,6.738357821985752
Shandong,1993,12.700000000000005,17.691680850933334,0.9235123208508296,3.3921714801203895
Shandong,1994,23.40000000000001,15.907435444559011,5.5228254498207345,7.065951165348865
Shandong,1995,17.599999999999994,12.464764327256873,4.546473419434739,6.441691060785493
Shandong,1996,9.599999999999994,8.538931151219218,2.7697117799904074,4.408206171323257
Shandong,1997,2.799999999999997,4.541806258309492,-0.18744107510366304,2.0319582994058942
Shandong,1998,-0.5999999999999943,0.3991377250181216,-0.31646633021971815,0.028745332381971196
Shandong,1999,-0.7000000000000028,-4.566517287143199,0.15549748099671692,-2.6441241203622585
Shandong,2000,0.20000000000000284,-6.825422432894584,0.027155372478877345,-3.913360820687438
Shandong,2001,1.7999999999999972,-11.708248304810427,1.0761305325611963,-6.330951764233628
Shandong,2002,-0.7000000000000028,-13.408920879229994,-0.39720132843952816,-6.785486614516378
Shandong,2003,1.0999999999999943,-12.379263689551921,-0.11073518656364896,-5.253498232221197
Shandong,2004,3.5999999999999943,-8.31488463016099,0.787206084018008,-3.230031325268367
Shandong,2005,1.7000000000000028,-3.518252683452161,0.5307947917790634,0.2433551003563841
Shandong,2006,1.0,0.3344869366965781,-0.17928910169452467,3.3282963275175286
Shandong,2007,4.400000000000006,0.4166647969725119,0.4344195612946786,2.3413904093993247
Shandong,2008,5.299999999999997,2.4376682109079155,0.30252516324131945,3.206835544378719
Shandong,2009,0.0,1.3304718024612043,0.057880326342848024,2.8334133420527117
Shandong,2010,2.9000000000000057,3.5605840416505568,-0.5394054136948957,-0.53875342297323
Shandong,2011,5.0,4.7464089460396215,-0.25988870761080285,-4.409521613616296
Shanghai,1992,10.0,21.87918165079104,5.822760443920638,9.78219302334118
Shanghai,1993,20.200000000000006,18.64914081644412,13.022698017531068,8.325047505276768
Shanghai,1994,23.90000000000001,9.736916171323912,11.857186580469344,3.1384991661200288
Shanghai,1995,18.700000000000006,2.6652705091450883,10.137925348240746,-2.1146999434034974
Shanghai,1996,9.200000000000003,-0.9804858786607156,4.512570159973513,-4.414275657414015
Shanghai,1997,2.799999999999997,-0.07126463358004287,0.5963536262451463,-1.9459060249876463
Shanghai,1998,0.0,-1.4191644964959664,0.2855343667011478,-1.7789000520114466
Shanghai,1999,1.5,-4.5803103946813915,2.3104335713978563,-2.467858065839117
Shanghai,2000,2.5,-5.609619021537456,2.3607496555474126,-2.269612951805894
Shanghai,2001,0.0,-8.364819276076616,-1.047126633485573,-2.6327408646520007
Shanghai,2002,0.5,-10.714988208605037,0.49842275974476635,-3.43924249360889
Shanghai,2003,0.09999999999999433,-7.483312706065803,-1.5970278666692923,2.0055284642285383
Shanghai,2004,2.200000000000003,-2.621014667351517,-0.8302332328058298,3.648799894308988
Shanghai,2005,1.0,-1.0363029193782864,-0.21081886582622822,4.072474394145496
Shanghai,2006,1.2000000000000028,0.7461392389790831,-0.13175132764159156,4.788547928926981
Shanghai,2007,3.200000000000003,4.637689980289039,-1.7220141336981043,7.266391511795007
Shanghai,2008,5.799999999999998,1.7014579178031113,-0.685096614472054,3.1499321282042168
Shanghai,2009,-0.4000000000000057,0.35692387684017035,-1.00697218072204,1.123547196615957
Shanghai,2010,3.0999999999999943,2.6738391121315743,-0.6842312061878182,-2.1751547255899992
Shanghai,2011,5.200000000000003,1.468446640963947,-0.7597116662736124,-8.673853089879092
Shanxi,1992,7.299999999999998,29.236131505295614,4.2100242539269805,20.954844829914304
Shanxi,1993,15.099999999999996,22.255730748627855,8.695697502000904,13.911124975837696
Shanxi,1994,25.200000000000006,5.870101962681347,14.353350140437625,0.0034702356596731
Shanxi,1995,16.900000000000006,5.788156147231092,8.652239571057942,1.465779343491047
Shanxi,1996,7.900000000000006,5.79648820707817,3.3268565959965843,2.6284174018452973
Shanxi,1997,3.0999999999999943,5.122531211392925,1.1809644604652816,3.3906296564048235
Shanxi,1998,-1.4000000000000057,3.9054239935357766,-1.1916440248781237,3.7138759419290976
Shanxi,1999,-0.4000000000000057,-4.183268352178303,0.3223405740376926,-2.3869180790439892
Shanxi,2000,3.9000000000000057,-9.965141884791565,3.9520060194422966,-7.522157053520567
Shanxi,2001,-0.20000000000000284,-13.034914679370287,-0.9543107143072108,-8.941522452580797
Shanxi,2002,-1.5999999999999943,-11.598216721226592,-1.5715422578288873,-6.2911193757227375
Shanxi,2003,1.7999999999999972,-6.988687721878192,0.917255134724899,-1.844489785257324
Shanxi,2004,4.099999999999993,-2.378283077991867,1.7412978555755259,2.392681782571608
Shanxi,2005,2.299999999999997,-2.071249556924272,1.3242236228457969,1.8519465392468568
Shanxi,2006,2.0,-4.507764881468191,1.015795266674102,-2.1259130377333246
Shanxi,2007,4.599999999999994,-1.5045027956850845,0.9228437259895248,-0.18181095552204524
Shanxi,2008,7.200000000000002,1.03640795328306,2.3402444446329644,1.5870349195957638
Shanxi,2009,-0.4000000000000057,-4.664572871969824,-0.7990684417334847,-4.03380242755701
Shanxi,2010,3.0,3.582508098752029,0.05225005728419411,0.11763623996329586
Shanxi,2011,5.200000000000003,9.920736236216412,0.6122256463636395,2.907692304725115
Sichuan,1992,7.400000000000006,12.375110193297205,3.9421026382548274,3.381696951683366
Sichuan,1993,16.799999999999994,11.257270575576255,10.07141303222758,3.189652899169672
Sichuan,1994,24.599999999999994,10.828321743322816,14.2827122779575,5.692918202365369
Sichuan,1995,18.5,5.567537280493981,11.435734319783327,2.160027602562854
Sichuan,1996,9.299999999999997,5.000939299633345,5.278292433875113,2.271303570105086
Sichuan,1997,5.099999999999994,4.062447791843681,3.564775023251527,2.3393732679454673
Sichuan,1998,-0.4000000000000057,2.8641437466141184,-0.2748623429730606,2.5296304837205748
Sichuan,1999,-1.5,0.1413873559651222,-0.8985549073119735,1.5955177218633747
Sichuan,2000,0.09999999999999433,-2.390246110952006,0.15074815814243678,-0.5126465414353366
Sichuan,2001,2.0999999999999943,-5.9912472472283875,1.7200235189079518,-2.662089438326983
Sichuan,2002,-0.2999999999999972,-7.2723397512619234,-0.016474623509533666,-3.0698611971192977
Sichuan,2003,1.7000000000000028,-8.518827079002747,1.1314124675112365,-4.593107376623543
Sichuan,2004,4.900000000000006,-7.561762649543795,3.2761389494834408,-4.365465392392814
Sichuan,2005,1.7000000000000028,-6.843723818502853,0.9918533493609671,-4.798034164487821
Sichuan,2006,2.299999999999997,-5.566592883357019,1.6383761417238776,-3.8141102841264796
Sichuan,2007,5.900000000000006,-3.511067069296488,3.8909022338696904,-2.218780966637461
Sichuan,2008,5.099999999999994,-2.2636505270620404,2.6666772145886446,-1.926392145367625
Sichuan,2009,0.7999999999999972,-1.2657722257073942,1.0143904153498775,-0.5070962081542351
Sichuan,2010,3.200000000000003,3.5488213911733912,1.6471694848564575,1.5751623205925755
Sichuan,2011,5.299999999999997,11.751610401978695,3.0557729134702494,7.960369208629397
Tianjin,1992,11.400000000000004,34.43363933077572,-6.904984915842541,-8.390709041245067
Tianjin,1993,17.599999999999994,25.770370220203944,-21.950222789736568,-9.059542065756691
Tianjin,1994,24.0,18.526951360176767,-24.92453464763281,-3.803992068901791
Tianjin,1995,15.299999999999995,13.879878416661567,-22.070624554374195,0.5842975651115945
Tianjin,1996,9.0,10.240597619854027,-10.256795427370184,0.5414764457615637
Tianjin,1997,3.0999999999999943,5.711907365811469,-4.614008994994793,0.7715552029281582
Tianjin,1998,-0.5,0.9555247132162492,-1.0519816326257927,2.375357278730958
Tianjin,1999,-1.0999999999999943,-3.0925755243582387,1.8048762978432733,6.111123023830057
Tianjin,2000,-0.4000000000000057,-4.664599331617552,0.16468574593173546,4.510102956480971
Tianjin,2001,1.2000000000000028,-8.671173179589386,-0.5333317958926916,6.8080553622575
Tianjin,2002,-0.4000000000000057,-11.945275387739072,0.8810844573931708,5.050410276681644
Tianjin,2003,1.0,-10.550888182408118,-1.4463411225455065,2.902695982132369
Tianjin,2004,2.299999999999997,-9.529456558093713,-5.659274838296413,0.712294280621559
Tianjin,2005,1.5,-3.65615851383734,-1.0331386938886153,3.878988516519953
Tianjin,2006,1.5,-6.03470284664057,-1.1645770993781563,-2.560401819591105
Tianjin,2007,4.200000000000003,-7.350176915149389,-4.867878997748172,-5.820397993395275
Tianjin,2008,5.400000000000006,-1.0246158421187772,-4.738400321443734,-0.7829392797337287
Tianjin,2009,-1.0,-0.5627837318864692,-0.37861797952804777,3.0871178555602743
Tianjin,2010,3.5,5.6868563962822805,-2.2107282720990296,-0.02544641829525208
Tianjin,2011,4.900000000000006,10.696787363816183,-3.2127019323383488,-1.2829258715852647
Xinjiang,1992,8.599999999999994,17.803796013371578,4.981756648790683,7.8184625382658135
Xinjiang,1993,13.0,16.65615224956487,7.155170954759692,9.282447472368617
Xinjiang,1994,26.700000000000006,12.668622425241564,18.429852643537988,7.808351590125249
Xinjiang,1995,19.700000000000006,6.314105159784673,13.846002322432042,2.9112153897357143
Xinjiang,1996,10.5,-2.4224210323623794,7.373098535756766,-5.16023285435978
Xinjiang,1997,3.700000000000003,-0.7339981501269506,2.532166117542257,-2.265440005274306
Xinjiang,1998,0.20000000000000284,-4.146293481071496,0.3334700988046246,-4.468009373694327
Xinjiang,1999,-2.5999999999999943,-6.599937646241926,-2.152960033481305,-5.76520971680245
Xinjiang,2000,-0.5999999999999943,-1.1036309909515578,-0.4624073434838019,0.34535156902211117
Xinjiang,2001,4.0,-7.054642568730756,3.725309951179774,-4.18439045657057
Xinjiang,2002,-0.5999999999999943,-9.97503443005047,-0.3656122271215511,-5.81293478411128
Xinjiang,2003,0.4000000000000057,-6.758859751613527,-0.13429497516112923,-2.62881024426865
Xinjiang,2004,2.700000000000003,-5.43382929076445,1.2983308842759271,-2.3705460381417693
Xinjiang,2005,0.7000000000000028,-1.290638767634448,0.20644894750263454,0.3013789645493551
Xinjiang,2006,1.2999999999999972,2.0378566318486264,0.8325258394205344,3.4380269065613827
Xinjiang,2007,5.5,0.7314801457708455,4.030842842582252,2.07063802071073
Xinjiang,2008,8.099999999999994,0.6577677936487731,6.559698343340762,0.8531116659140795
Xinjiang,2009,0.7000000000000028,-7.446291612656807,0.8164315925835328,-6.978020386559693
Xinjiang,2010,4.299999999999997,3.4171158726266233,3.416777262131216,2.3995311945903177
Xinjiang,2011,5.900000000000006,8.82582975065236,4.622380653216968,6.646346299669691
Yunnan,1992,8.900000000000006,12.966381487529715,7.190071347834556,8.045768296957098
Yunnan,1993,21.3,8.219852445132773,18.35456553196449,4.224777798303537
Yunnan,1994,19.200000000000006,5.255192487523956,15.22507805645193,2.945163940072583
Yunnan,1995,21.3,-0.17486139662746325,18.86757724937031,-1.677444572302287
Yunnan,1996,8.700000000000003,5.697435303118709,7.441895532778496,4.756936717456646
Yunnan,1997,4.299999999999997,3.655703765711493,3.8388164326444936,3.147604365716075
Yunnan,1998,1.7000000000000028,2.8772581196381424,1.8161697578402272,2.8561950249076484
Yunnan,1999,-0.2999999999999972,-1.4817810363324213,-0.06815569527924265,-1.0904494568866874
Yunnan,2000,-2.0999999999999943,-2.4340995653411994,-2.122594384142282,-1.8497325794878479
Yunnan,2001,-0.9000000000000057,-4.636892269711693,-1.0246727213002849,-3.5847671334034774
Yunnan,2002,-0.20000000000000284,-6.304297163272067,-0.08325765961176641,-4.973797265044809
Yunnan,2003,1.2000000000000028,-7.609389776654012,1.0471253173107136,-6.487737992611147
Yunnan,2004,6.0,-5.344667520024643,5.5227288331693245,-4.325281468435541
Yunnan,2005,1.4000000000000057,-5.3244133490956775,1.195078243390071,-4.636063185966124
Yunnan,2006,1.9000000000000057,-3.422328342131792,1.6812959230772022,-2.8252493591844337
Yunnan,2007,5.900000000000006,-2.5044067015072784,5.053934245840827,-1.972664085914974
Yunnan,2008,5.700000000000002,0.5879438687161667,4.761900140047684,0.7189894550634394
Yunnan,2009,0.4000000000000057,-1.1573869193551474,0.5054492869616494,-0.8571105243655325
Yunnan,2010,3.700000000000003,2.2950564295324227,3.1912015573231036,1.6264179728854338
Yunnan,2011,4.900000000000006,9.023011014915609,4.061110413116951,7.499454928742935
Zhejiang,1992,7.5,25.82619575650452,5.376504327320152,20.374701173675355
Zhejiang,1993,19.8,20.823628109680246,15.807437971095963,15.55138668084498
Zhejiang,1994,24.8,14.528986558981517,18.63743236395043,11.316360657222894
Zhejiang,1995,16.599999999999994,12.190597153699214,12.471823995090828,9.856100076016151
Zhejiang,1996,7.900000000000006,6.8628405135422375,5.604555797679893,5.215568187431612
Zhejiang,1997,2.799999999999997,2.044958575747202,1.9174595890319592,0.9844010240822048
Zhejiang,1998,-0.2999999999999972,-3.0722721166312965,-0.15607497188859742,-3.385450928952293
Zhejiang,1999,-1.2000000000000028,-7.2906243817416785,-0.7852072008998215,-6.7494626666095865
Zhejiang,2000,1.0,-9.388633361215199,1.0237308288977118,-8.389082252281751
Zhejiang,2001,-0.20000000000000284,-10.910030611546516,-0.47043119009061135,-8.773296111283988
Zhejiang,2002,-0.9000000000000057,-8.923057020991566,-0.6923446726752119,-6.128143307515971
Zhejiang,2003,1.9000000000000057,-5.21997869967764,1.486608826606581,-2.5656091499187967
Zhejiang,2004,3.9000000000000057,-3.9096705481221647,2.682821508761411,-1.6179973653133461
Zhejiang,2005,1.2999999999999972,-3.482643893659045,0.7637829363061871,-1.8464206566390653
Zhejiang,2006,1.0999999999999943,-0.7469200527886812,0.553009031788362,0.7893883873969803
Zhejiang,2007,4.200000000000003,1.5459633232015193,2.2408617078756086,2.710103432643172
Zhejiang,2008,5.0,-0.3986646836723935,2.6886796969591833,-0.11154137558510041
Zhejiang,2009,-1.5,-1.9011537712382849,-1.3280768093888629,-1.398478080183952
Zhejiang,2010,3.799999999999997,4.05921759583039,2.5467351123992663,2.5244425851082775
Zhejiang,2011,5.400000000000006,5.8363834486920325,2.965793608143554,1.790540979487984
