Year;Province;Pop;UnempRate;GDP;CPI;RailToBeijing;RailToTianjin;RailToHebei;RailToShanxi;RailToInnerMongolia;RailToLiaoning;RailToJilin;RailToHeilongjiang;RailToShanghai;RailToJiangsu;RailToZhejiang;RailToAnhui;RailToFujian;RailToJiangxi;RailToShandong;RailToHenan;RailToHubei;RailToHunan;RailToGuangdong;RailToGuangxi;RailToHainan;RailToChongqing;RailToSichuan;RailToGuizhou;RailToYunnan;RailToTibet;RailToShaanxi;RailToGansu;RailToQinghai;RailToNingxia;RailToXinjiang;Rail_Total
1992;Beijing;11.02;0.3;709.1;109.9;973;315;481;95;58;123;32;62;35;77;35;16;18;8;31;100;54;37;110;13;0;0;48;9;11;0;31;14;5;7;14;2812
1992;Tianjin;8.79;1.1;411.0;111.4;147;424;322;117;103;77;26;45;20;71;30;15;24;8;55;73;33;17;78;9;0;0;27;5;9;0;36;27;6;13;37;1854
1992;Hebei;62.75;2.5;1278.5;106.1;1314;1838;4473;317;230;671;112;157;73;255;83;51;66;36;311;209;199;84;221;88;0;0;104;15;23;0;40;30;8;17;21;11046
1992;Shanxi;29.79;0.7;551.1;107.3;1578;1736;8306;2681;280;1544;247;84;131;1647;240;514;143;139;2485;692;943;361;175;172;0;0;113;8;6;0;193;43;41;25;8;24535
1992;InnerMongolia;22.07;3.3;421.7;107.4;95;319;934;146;2977;717;372;948;15;70;29;21;9;9;150;73;36;23;34;12;0;0;27;4;3;0;21;34;16;87;8;7189
1992;Liaoning;39.58;1.9;1473.0;106.7;252;347;542;139;476;9530;1021;1125;39;120;54;30;32;16;166;132;73;76;108;22;0;0;133;17;13;0;39;40;19;15;27;14603
1992;Jilin;24.74;1.6;558.1;108.0;130;91;298;52;124;1211;3295;570;29;75;36;13;29;8;202;67;34;26;87;23;0;0;66;10;8;0;14;8;3;2;9;6520
1992;Heilongjiang;36.08;1.9;959.7;109.2;183;147;486;142;265;2198;1657;7298;24;97;31;22;27;0;300;113;30;26;76;16;0;0;26;8;6;0;23;16;3;21;8;13249
1992;Shanghai;12.89;1.8;1114.3;110.0;44;23;36;22;12;46;33;39;102;56;157;102;91;97;84;68;40;45;61;27;0;0;53;18;29;0;40;18;6;4;17;1370
1992;Jiangsu;69.11;2.0;2136.0;106.6;53;37;64;83;27;129;49;54;331;1746;223;308;87;63;247;278;43;53;91;25;0;0;70;16;23;0;105;68;18;8;44;4343
1992;Zhejiang;42.86;2.4;1375.7;107.5;21;19;35;17;12;42;17;34;376;57;754;24;52;109;67;26;19;51;45;23;0;0;38;14;18;0;15;10;3;3;13;1914
1992;Anhui;58.17;2.7;801.2;108.2;37;13;38;23;10;30;16;27;211;779;255;2454;173;85;78;47;12;19;36;17;0;0;21;8;8;0;24;12;2;2;8;4445
1992;Fujian;31.16;1.9;784.7;105.9;33;16;35;16;9;41;19;40;76;141;156;68;997;120;69;32;25;70;7;9;0;0;26;8;12;0;14;9;4;2;10;2064
1992;Jiangxi;39.13;1.9;572.6;105.7;10;7;25;7;4;14;6;8;139;81;352;45;191;1278;42;23;46;79;131;50;0;0;36;21;14;0;9;5;1;1;2;2627
1992;Shandong;86.10;2.0;2196.5;106.8;150;95;439;193;81;137;105;167;208;631;351;280;71;136;4490;225;108;89;97;42;0;0;39;11;14;0;59;35;13;12;21;8299
1992;Henan;88.61;2.6;1279.8;105.4;120;88;109;79;26;147;40;51;102;768;181;194;42;192;181;2802;2147;398;382;256;0;0;160;22;30;0;106;59;16;8;31;8737
1992;Hubei;55.80;2.2;1088.4;109.6;41;27;130;104;14;62;21;43;23;59;49;31;54;68;92;469;1519;175;402;184;0;0;213;63;74;0;64;25;5;4;19;4034
1992;Hunan;62.08;2.9;987.0;110.7;31;33;82;45;13;45;17;20;23;50;79;19;48;80;64;174;220;2207;992;340;0;0;80;59;49;0;31;20;5;4;11;4841
1992;Guangdong;67.06;1.9;2447.5;107.3;93;48;107;45;20;159;59;87;75;101;102;21;18;38;128;153;209;470;1252;197;0;0;333;199;182;0;82;22;5;5;22;4232
1992;Guangxi;43.80;3.3;646.6;105.9;23;25;75;32;10;44;12;25;40;52;57;24;10;48;50;90;66;135;343;931;0;0;136;40;19;0;18;8;1;2;9;2325
1992;Hainan;6.86;2.3;184.9;108.7;0;0;0;0;0;0;0;0;0;0;0;0;0;0;0;0;0;0;0;0;0;0;0;0;0;0;0;0;0;0;0;0
1992;Chongqing;29.51;;461.3;;0;0;0;0;0;0;0;0;0;0;0;0;0;0;0;0;0;0;0;0;387;0;0;0;0;0;0;0;0;0;0;387
1992;Sichuan;79.92;3.6;1177.3;107.4;53;48;65;48;14;68;17;39;55;108;42;25;28;25;57;124;367;55;188;87;0;0;4551;169;189;0;140;48;16;9;39;6674
1992;Guizhou;33.61;3.4;339.9;107.8;6;13;30;17;2;17;2;3;12;29;28;7;18;35;21;20;93;114;373;272;0;0;309;968;92;0;8;4;1;1;3;2498
1992;Yunnan;38.32;2.3;618.7;108.9;10;20;47;21;5;19;9;9;20;37;54;11;17;28;26;68;35;37;143;68;0;0;181;41;1230;0;42;25;3;4;8;2218
1992;Tibet;2.29;;33.3;;0;0;0;0;0;0;0;0;0;0;0;0;0;0;0;0;0;0;0;0;0;0;0;0;0;0;0;0;0;0;0;0
1992;Shaanxi;34.05;2.2;531.6;110.3;14;32;22;57;8;23;5;10;36;537;53;66;8;25;19;65;230;29;61;17;0;0;149;6;12;0;1444;66;17;8;24;3043
1992;Gansu;23.14;3.5;317.8;107.2;21;51;29;16;47;52;15;16;17;73;25;12;22;7;33;72;44;29;59;7;0;0;132;7;13;0;117;1401;154;91;83;2645
1992;Qinghai;4.61;3.5;87.5;108.0;5;13;7;13;4;10;4;4;5;15;6;8;4;2;12;40;13;9;10;8;0;0;21;1;2;0;29;109;156;5;4;519
1992;Ningxia;4.82;4.2;83.1;108.3;24;88;21;3;62;78;5;7;1;9;5;2;2;1;7;7;4;4;11;1;0;0;20;2;3;0;78;440;30;524;6;1445
1992;Xinjiang;15.81;2.8;402.3;108.6;15;36;25;17;22;20;7;10;11;26;11;5;5;3;10;78;13;18;34;4;0;0;60;1;6;0;57;601;38;26;616;1775
1993;Beijing;11.12;0.4;886.2;119.0;1001;310;603;99;53;112;34;60;30;72;33;13;17;18;127;96;51;40;95;15;0;0;56;8;14;0;48;20;4;7;15;3051
1993;Tianjin;8.86;1.0;538.9;117.6;125;477;325;144;72;85;32;44;19;70;27;16;27;8;53;73;32;20;78;10;0;0;28;5;11;0;41;25;7;17;23;1894
1993;Hebei;63.34;2.0;1690.8;113.8;1489;1971;4345;389;239;690;112;151;68;220;81;46;78;132;334;239;202;78;229;97;0;0;115;14;24;0;50;36;10;20;18;11477
1993;Shanxi;30.13;0.8;680.4;115.1;1706;2453;8527;2590;273;1624;245;74;142;1538;255;362;140;1134;2500;721;917;292;173;142;0;0;89;6;6;0;209;32;36;25;7;26218
1993;InnerMongolia;22.32;2.6;537.8;114.1;134;459;859;156;3117;799;346;1008;15;55;28;14;13;7;147;65;31;19;39;15;0;0;35;4;4;0;24;34;17;76;7;7527
1993;Liaoning;39.83;2.5;2010.8;115.2;249;352;541;170;423;9642;1021;1049;45;110;65;31;34;18;168;147;75;73;116;30;0;0;132;17;17;0;50;50;20;17;28;14690
1993;Jilin;24.96;1.3;718.6;112.6;137;97;289;55;135;1528;3248;587;39;66;42;12;36;8;181;61;35;27;104;28;0;0;69;7;10;0;16;11;2;3;10;6843
1993;Heilongjiang;36.40;2.2;1198.4;114.8;185;144;447;130;277;2242;1862;6974;37;97;42;21;28;10;279;92;31;29;92;17;0;0;27;7;8;0;25;16;3;17;8;13147
1993;Shanghai;12.95;2.5;1519.2;120.2;52;26;37;24;14;51;37;41;107;65;163;69;100;98;81;69;51;47;67;33;0;0;58;17;31;0;52;18;6;4;17;1435
1993;Jiangsu;69.67;2.0;2998.2;118.2;50;37;57;69;28;101;46;56;416;1748;215;286;106;73;245;255;52;49;106;40;0;0;76;15;28;0;82;47;15;7;38;4343
1993;Zhejiang;43.13;2.6;1925.9;119.8;23;18;34;14;12;43;17;34;493;55;732;24;49;103;60;20;17;55;47;23;0;0;37;10;18;0;16;12;3;3;15;1987
1993;Anhui;58.70;2.7;1037.1;114.7;27;14;27;24;11;37;21;27;276;836;301;2431;178;103;81;37;21;21;41;29;0;0;23;6;7;0;26;8;3;1;7;4624
1993;Fujian;31.50;1.5;1114.2;115.4;37;17;38;18;10;41;21;30;85;145;163;68;1080;123;61;32;28;102;8;12;0;0;26;9;15;0;17;13;5;2;11;2217
1993;Jiangxi;39.66;1.9;723.0;114.6;8;5;21;6;3;14;5;6;152;80;396;59;213;1259;38;18;33;80;147;64;0;0;31;16;15;0;10;6;1;1;3;2690
1993;Shandong;86.42;2.5;2770.4;112.7;258;167;421;228;85;160;119;178;257;673;370;304;87;142;4397;249;98;94;111;59;0;0;42;10;19;0;60;38;25;12;19;8682
1993;Henan;89.46;2.4;1660.2;110.4;144;106;143;113;46;170;49;55;122;790;171;195;51;197;218;2570;2388;410;413;276;0;0;173;24;29;0;138;59;16;10;29;9105
1993;Hubei;56.53;2.2;1325.8;118.4;36;28;125;104;15;54;21;41;16;60;43;37;67;66;96;388;1547;171;351;202;0;0;293;64;94;0;70;23;4;4;18;4038
1993;Hunan;62.46;3.4;1244.7;116.8;35;28;79;44;12;47;18;18;28;43;79;16;54;69;53;145;250;2086;1228;370;0;0;83;61;55;0;36;19;4;3;11;4974
1993;Guangdong;69.37;1.9;3469.3;121.6;100;47;108;40;28;151;56;87;75;105;112;21;19;35;112;129;173;448;1396;230;0;0;401;184;223;0;91;24;7;6;28;4436
1993;Guangxi;44.38;2.9;871.7;122.0;25;24;69;27;14;45;15;24;46;55;68;31;11;33;44;82;68;138;429;945;0;0;163;54;35;0;17;9;2;2;8;2483
1993;Hainan;7.01;2.4;260.4;123.3;0;0;0;0;0;0;0;0;0;0;0;0;0;0;0;0;0;0;0;0;390;0;0;0;0;0;0;0;0;0;0;390
1993;Chongqing;29.65;;608.5;;0;0;0;0;0;0;0;0;0;0;0;0;0;0;0;0;0;0;0;0;0;0;0;0;0;0;0;0;0;0;0;0
1993;Sichuan;80.37;3.5;1486.1;116.8;47;47;66;44;16;58;16;39;62;108;51;28;30;26;55;120;383;65;219;80;0;0;4690;184;224;0;159;66;17;21;37;6958
1993;Guizhou;34.09;3.4;417.7;116.0;0;19;30;17;1;15;2;2;13;52;31;10;18;32;20;17;86;113;355;312;0;0;294;966;116;0;5;3;1;0;2;2532
1993;Yunnan;38.85;2.2;783.3;121.3;13;13;41;21;7;14;7;10;28;35;59;10;21;34;24;56;33;41;148;99;0;0;209;42;1254;0;49;20;4;3;5;2300
1993;Tibet;2.32;;37.4;;0;0;0;0;0;0;0;0;0;0;0;0;0;0;0;0;0;0;0;0;0;0;0;0;0;0;0;0;0;0;0;0
1993;Shaanxi;34.43;2.5;678.2;113.1;13;26;23;61;9;19;4;8;45;534;52;38;10;27;22;70;186;35;79;25;0;0;171;7;15;0;1532;64;18;7;22;3122
1993;Gansu;23.45;3.6;372.2;115.4;15;57;30;16;67;39;9;13;24;66;33;12;24;6;29;69;33;28;70;8;0;0;148;6;13;0;128;1448;140;79;134;2744
1993;Qinghai;4.67;2.5;109.7;113.2;4;17;8;11;7;10;2;2;6;21;9;6;5;3;10;38;9;11;11;9;0;0;24;2;3;0;40;107;166;5;5;551
1993;Ningxia;4.91;3.8;104.5;114.3;18;84;17;3;56;102;5;7;2;10;6;2;3;1;4;9;2;3;12;2;0;0;18;2;3;0;61;446;32;516;5;1431
1993;Xinjiang;16.05;2.7;495.3;113.0;11;43;37;14;24;16;3;7;17;30;16;4;5;3;23;62;9;17;35;4;0;0;75;1;8;0;61;641;24;42;631;1863
1994;Beijing;11.25;0.4;1145.3;124.9;1001;348;546;94;40;104;32;50;40;90;37;15;20;15;117;92;51;43;102;17;0;0;56;8;15;0;41;17;5;7;15;3012.5
1994;Tianjin;8.91;1.1;732.9;124.0;164;409;348;141;67;82;41;57;29;70;29;14;30;9;46;68;34;22;81;14;0;0;31;6;11;0;40;26;8;12;36;1918.5
1994;Hebei;63.88;2.7;2187.5;122.6;1625;1702;4364;392;258;615;120;154;86;311;115;45;69;81;381;265;192;96;216;91;0;0;100;12;21;0;44;31;14;19;22;11435
1994;Shanxi;30.45;1.2;826.7;125.2;1738;2602;8534;2519;259;1609;206;73;166;1632;290;395;136;643;2551;751;890;295;187;148;0;0;89;6;5;0;155;34;30;24;8;25968
1994;InnerMongolia;22.61;3.7;695.1;122.9;121;557;1020;161;3063;773;413;1031;21;78;34;18;16;10;171;79;35;24;41;18;0;0;33;4;5;0;28;42;25;84;7;7903
1994;Liaoning;40.07;2.6;2461.8;124.3;224;355;488;161;391;9087;955;932;53;132;69;36;35;23;184;163;78;74;106;35;0;0;132;17;16;0;42;43;21;16;22;13882.5
1994;Jilin;25.16;1.9;937.7;120.6;133;117;260;53;126;1324;3009;556;48;82;46;21;35;18;186;79;41;45;106;44;0;0;101;6;12;0;16;12;3;3;8;6483.5
1994;Heilongjiang;36.72;2.4;1604.9;121.9;208;176;466;140;241;2471;1921;6724;45;129;45;26;29;17;313;102;38;42;92;25;0;0;44;7;12;0;24;17;3;17;8;13374.5
1994;Shanghai;12.99;2.7;1990.9;123.9;50;27;39;22;12;50;38;42;112;62;168;63;88;99;77;68;46;43;66;32;0;0;66;17;31;0;46;18;8;5;18;1405.5
1994;Jiangsu;70.21;2.1;4057.4;123.2;50;37;65;71;29;106;54;66;435;1663;280;302;108;74;229;230;46;48;101;38;0;0;75;16;34;0;90;58;29;9;42;4378.5
1994;Zhejiang;43.41;3.0;2689.3;124.8;22;17;35;15;12;46;18;36;370;48;782;29;51;120;55;22;19;71;46;22;0;0;39;10;19;0;16;12;3;3;17;1950.5
1994;Anhui;59.38;3.0;1320.5;126.9;24;15;32;25;13;40;23;29;319;912;322;2506;185;103;74;39;15;20;43;25;0;0;18;6;7;0;23;10;4;1;9;4835
1994;Fujian;31.83;2.3;1644.4;125.3;41;17;40;18;10;46;23;37;84;138;210;60;1181;111;55;33;31;82;9;11;0;0;27;10;20;0;18;13;4;3;12;2336.5
1994;Jiangxi;40.15;1.9;948.2;126.9;7;4;20;6;3;13;5;7;122;87;419;59;231;1294;37;19;32;90;131;64;0;0;29;14;13;0;9;5;1;1;3;2718.5
1994;Shandong;86.71;3.0;3844.5;123.4;309;138;402;260;88;163;132;207;276;727;415;352;91;154;4417;231;92;98;106;58;0;0;48;13;18;0;67;48;22;16;31;8971
1994;Henan;90.27;2.3;2216.8;125.2;127;98;131;119;47;143;58;56;124;863;170;260;53;219;254;2449;2464;508;458;292;0;0;175;24;35;0;126;57;19;11;28;9363.5
1994;Hubei;57.19;2.9;1700.9;125.3;36;31;147;109;17;55;21;49;23;72;52;46;72;80;122;400;1503;183;322;173;0;0;243;61;81;0;72;20;6;3;17;4011.5
1994;Hunan;63.03;3.6;1650.0;125.3;29;31;75;35;11;47;17;22;29;42;79;19;56;64;49;140;238;2071;1285;373;0;0;84;52;51;0;40;17;4;4;11;4967.5
1994;Guangdong;72.10;2.4;4619.0;121.7;126;59;148;51;29;166;59;98;78;110;123;26;15;41;131;159;222;473;1314;275;0;0;371;210;278;0;98;30;7;7;35;4733
1994;Guangxi;44.93;3.6;1198.3;126.0;25;23;73;30;12;45;15;25;49;59;78;38;18;41;45;89;68;152;437;977;0;0;152;60;41;0;16;7;2;2;7;2580.5
1994;Hainan;7.11;3.6;332.0;126.7;0;0;0;0;0;0;0;0;0;0;0;0;0;0;0;0;0;0;0;0;335;0;0;0;0;0;0;0;0;0;0;334.5
1994;Chongqing;29.86;;833.6;;0;0;0;0;0;0;0;0;0;0;0;0;0;0;0;0;0;0;0;0;0;0;0;0;0;0;0;0;0;0;0;0
1994;Sichuan;80.99;3.7;2001.4;124.6;47;61;69;48;16;56;16;36;64;126;55;37;28;31;67;122;367;67;215;126;0;0;4585;175;228;0;154;79;21;20;41;6953
1994;Guizhou;34.58;5.5;524.5;122.8;3;26;38;17;2;20;2;2;15;46;29;10;18;25;21;19;67;112;337;310;0;0;317;1042;110;0;6;3;1;0;4;2594
1994;Yunnan;39.39;2.7;983.8;119.2;12;18;48;21;7;17;8;12;36;39;62;11;21;36;28;58;32;45;150;123;0;0;188;42;1274;0;51;25;5;3;9;2374
1994;Tibet;2.36;;46.0;;0;0;0;0;0;0;0;0;0;0;0;0;0;0;0;0;0;0;0;0;0;0;0;0;0;0;0;0;0;0;0;0
1994;Shaanxi;34.81;3.5;839.0;126.7;13;27;26;55;9;17;4;8;53;583;51;44;14;39;24;88;242;38;75;25;0;0;176;9;19;0;1464;64;17;8;23;3208
1994;Gansu;23.87;5.2;453.6;123.7;15;60;32;20;54;34;8;13;27;77;36;14;23;7;30;79;34;27;67;10;0;0;191;10;25;0;144;1401;142;71;112;2755
1994;Qinghai;4.74;5.9;138.4;121.8;3;18;9;15;6;12;3;3;6;20;9;6;5;3;12;42;10;12;11;11;0;0;32;3;5;0;41;87;156;4;5;541.5
1994;Ningxia;5.04;5.2;136.3;123.1;29;98;24;6;64;100;7;7;3;11;6;3;4;1;8;7;10;4;12;2;0;0;17;2;3;0;74;461;33;497;5;1489.5
1994;Xinjiang;16.33;3.2;662.3;126.7;18;51;44;26;19;17;5;8;20;38;24;5;7;4;30;130;11;14;41;4;0;0;91;2;16;0;74;710;23;35;620;2078.5
1995;Beijing;12.51;0.4;1507.7;117.3;1000;385;489;88;26;96;29;40;50;108;41;17;23;12;106;88;51;45;108;19;0;0;55;8;15;0;34;14;5;7;15;2974
1995;Tianjin;8.95;1.0;932.0;115.3;203;341;370;137;62;78;50;69;38;70;31;12;32;9;39;62;35;23;84;17;0;0;34;7;10;0;38;27;9;7;49;1943
1995;Hebei;64.37;2.2;2849.5;115.2;1761;1433;4382;394;277;539;127;157;104;402;149;43;59;29;427;291;182;113;203;84;0;0;85;10;18;0;38;25;17;18;26;11393
1995;Shanxi;30.77;1.4;1076.0;116.9;1769;2751;8540;2447;245;1593;166;71;189;1726;325;427;132;152;2602;780;863;297;200;153;0;0;88;6;4;0;101;36;24;22;9;25718
1995;InnerMongolia;22.84;3.8;857.1;117.5;108;654;1181;165;3008;746;479;1054;26;100;40;21;18;12;195;93;39;29;42;21;0;0;30;3;5;0;31;49;32;91;7;8279
1995;Liaoning;40.34;2.7;2793.4;116.1;198;357;434;152;359;8531;888;814;61;153;73;40;35;28;199;179;81;75;95;40;0;0;131;17;14;0;34;35;21;15;16;13075
1995;Jilin;25.51;2.0;1137.2;115.2;129;136;231;51;117;1120;2770;524;57;97;50;30;33;28;190;97;46;63;108;59;0;0;133;4;13;0;15;12;3;3;5;6124
1995;Heilongjiang;37.01;2.9;1991.4;116.1;230;208;485;149;205;2699;1979;6473;53;161;48;30;29;24;346;112;44;55;91;33;0;0;60;7;15;0;22;17;3;16;8;13602
1995;Shanghai;13.01;2.6;2499.4;118.7;48;28;40;20;10;49;38;43;117;58;172;56;75;99;73;67;40;39;64;30;0;0;73;16;31;0;40;18;9;5;18;1376
1995;Jiangsu;70.66;2.1;5155.3;115.8;50;37;73;72;29;110;62;75;453;1577;345;317;110;74;213;205;40;47;95;35;0;0;73;16;40;0;98;69;43;11;45;4414
1995;Zhejiang;43.70;3.2;3557.6;116.6;21;16;36;15;11;48;19;38;247;41;831;34;53;136;50;23;20;87;45;21;0;0;41;10;19;0;16;12;3;3;18;1914
1995;Anhui;60.00;3.1;1810.6;114.8;20;16;37;26;14;43;25;30;362;988;342;2580;192;103;66;40;8;18;44;20;0;0;13;6;6;0;20;12;4;1;10;5046
1995;Fujian;32.27;2.6;2094.9;115.2;45;17;41;18;10;51;24;43;82;130;256;52;1281;98;49;33;34;62;10;9;0;0;27;10;24;0;19;13;3;3;12;2456
1995;Jiangxi;40.63;2.1;1169.7;116.9;6;3;19;6;2;11;5;7;91;93;442;58;249;1329;35;19;31;99;114;63;0;0;26;12;11;0;8;3;1;1;3;2747
1995;Shandong;87.05;3.2;4953.4;117.6;360;108;383;292;91;166;144;235;295;780;459;399;95;165;4437;212;86;101;100;56;0;0;53;15;16;0;74;58;19;19;42;9260
1995;Henan;91.00;2.6;2988.4;116.5;109;90;118;124;47;116;66;57;126;935;169;325;54;241;290;2328;2540;606;503;308;0;0;177;24;40;0;114;55;21;12;27;9622
1995;Hubei;57.72;3.1;2109.4;120.0;36;34;168;114;19;56;20;57;29;83;61;55;77;93;148;411;1458;195;293;143;0;0;193;58;68;0;74;17;8;2;15;3985
1995;Hunan;63.92;3.8;2132.1;119.0;22;33;70;25;10;47;15;25;30;41;78;22;57;59;45;135;226;2056;1341;376;0;0;84;43;46;0;43;14;3;4;11;4961
1995;Guangdong;73.87;2.6;5933.1;114.0;151;70;187;62;29;180;61;108;80;114;134;31;11;47;149;189;271;498;1232;319;0;0;341;236;333;0;105;36;7;8;41;5030
1995;Guangxi;45.43;3.6;1497.6;118.4;25;22;76;32;10;45;14;26;52;62;87;45;25;49;45;95;67;166;445;1009;0;0;141;65;46;0;15;5;1;2;6;2678
1995;Hainan;7.24;4.2;363.3;113.5;0;0;0;0;0;0;0;0;0;0;0;0;0;0;0;0;0;0;0;0;279;0;0;0;0;0;0;0;0;0;0;279
1995;Chongqing;30.02;;1123.1;;0;0;0;0;0;0;0;0;0;0;0;0;0;0;0;0;0;0;0;0;0;0;0;0;0;0;0;0;0;0;0;0
1995;Sichuan;91.61;3.7;2443.2;118.5;47;75;72;51;15;54;16;33;65;144;59;46;26;35;79;124;351;68;211;171;0;0;4480;166;232;0;149;91;25;18;45;6948
1995;Guizhou;35.08;5.8;636.2;121.4;6;32;45;16;3;24;1;2;17;39;26;9;17;17;21;21;48;111;319;307;0;0;340;1117;104;0;6;2;1;0;5;2656
1995;Yunnan;39.90;2.9;1222.2;121.3;11;22;54;20;7;20;9;13;44;43;64;11;21;38;31;59;30;48;152;146;0;0;167;41;1293;0;53;30;5;3;13;2448
1995;Tibet;2.40;;56.1;;0;0;0;0;0;0;0;0;0;0;0;0;0;0;0;0;0;0;0;0;0;0;0;0;0;0;0;0;0;0;0;0
1995;Shaanxi;35.13;3.5;1036.9;119.0;12;27;28;49;9;15;3;7;61;632;50;50;18;50;26;106;297;40;71;24;0;0;180;10;22;0;1396;63;16;8;24;3294
1995;Gansu;24.38;5.5;557.8;119.8;14;63;33;24;40;29;6;13;30;87;39;15;22;7;31;88;35;25;63;12;0;0;233;13;36;0;160;1353;143;63;89;2766
1995;Qinghai;4.81;7.4;167.8;118.0;2;18;9;19;4;13;4;3;5;18;8;5;5;3;14;46;10;13;10;13;0;0;40;3;7;0;41;67;145;3;4;532
1995;Ningxia;5.12;6.4;175.2;117.1;39;111;31;8;71;97;8;6;4;12;5;3;5;1;11;5;17;4;11;1;0;0;15;1;3;0;86;476;34;478;5;1548
1995;Xinjiang;16.61;3.5;814.9;119.7;25;58;50;37;14;17;6;8;22;46;32;5;8;4;37;198;12;10;46;4;0;0;107;3;23;0;86;778;22;28;608;2294
1996;Beijing;12.59;0.6;1789.2;111.6;967;394;442;93;28;96;25;41;41;84;35;15;20;9;95;94;45;41;100;19;0;0;67;11;15;0;30;16;5;9;14;2851
1996;Tianjin;8.98;1.0;1121.9;109.0;216;384;303;114;57;78;44;64;27;54;23;11;22;11;43;70;34;20;65;13;0;0;34;6;12;0;40;24;10;11;55;1845
1996;Hebei;64.84;1.9;3453.0;107.1;1630;1278;4590;402;308;476;107;148;123;395;169;45;52;33;438;283;181;98;209;80;0;0;115;13;25;0;43;33;15;20;25;11334
1996;Shanxi;31.09;1.7;1292.1;107.9;1791;2929;8967;2358;311;1491;168;70;225;1836;320;368;133;144;2727;836;798;296;178;145;0;0;96;6;5;0;94;58;17;15;16;26398
1996;InnerMongolia;23.07;3.9;1023.1;107.6;115;854;1195;173;3030;923;542;1103;31;115;40;22;12;12;238;104;41;32;45;25;0;0;30;4;4;0;29;57;25;100;9;8910
1996;Liaoning;40.57;3.6;3157.7;107.9;198;365;442;164;342;8548;846;689;68;168;78;46;25;25;210;184;64;80;101;50;0;0;137;14;19;0;37;31;15;14;25;12985
1996;Jilin;25.79;2.2;1346.8;107.2;133;125;222;64;130;1174;2726;496;80;106;63;27;22;24;190;95;56;64;105;58;0;0;123;11;18;0;16;10;2;4;9;6153
1996;Heilongjiang;37.28;3.0;2370.5;107.1;207;277;475;128;204;2861;1896;6444;44;169;44;32;20;18;334;144;35;44;78;22;0;0;64;7;17;0;26;16;2;14;10;13632
1996;Shanghai;13.04;2.6;2957.6;109.2;51;25;42;20;9;41;40;39;100;78;182;46;59;92;68;62;41;37;50;27;0;0;71;16;33;0;42;18;5;5;18;1317
1996;Jiangsu;71.10;2.3;6004.2;109.3;40;32;73;75;24;92;50;65;410;1621;364;360;95;60;213;194;39;50;96;34;0;0;77;19;41;0;94;51;25;10;55;4359
1996;Zhejiang;44.00;3.0;4188.5;107.9;18;13;31;12;10;44;20;34;245;42;827;33;68;153;52;20;20;95;41;21;0;0;44;11;21;0;15;11;4;3;20;1928
1996;Anhui;60.54;3.1;2093.3;109.9;11;12;25;21;11;37;19;21;305;1054;343;2777;190;84;72;49;11;17;28;15;0;0;14;6;7;0;17;8;5;1;10;5170
1996;Fujian;32.61;2.4;2484.3;105.9;42;18;43;20;10;52;26;44;80;112;306;51;1237;104;57;38;43;89;11;8;0;0;25;8;19;0;21;12;5;4;15;2500
1996;Jiangxi;41.05;2.3;1409.7;108.4;5;3;21;5;2;9;5;9;59;92;461;54;228;1353;33;20;40;99;119;46;0;0;27;13;19;0;7;2;1;0;4;2736
1996;Shandong;87.38;3.5;5883.8;109.6;375;94;383;361;127;183;114;191;310;751;438;427;80;124;4792;268;90;97;123;44;0;0;71;14;23;0;73;63;17;16;44;9693
1996;Henan;91.72;2.5;3634.7;110.5;84;81;101;128;38;102;53;51;109;981;155;405;48;291;341;2300;2793;538;457;299;0;0;182;29;37;0;126;52;27;11;29;9848
1996;Hubei;58.25;3.5;2499.8;109.4;33;27;149;108;18;45;22;49;23;79;57;51;82;93;148;368;1350;182;264;114;0;0;258;70;88;0;63;15;6;2;16;3780
1996;Hunan;64.28;3.9;2540.1;107.7;19;26;64;24;8;40;15;23;35;52;96;29;67;112;42;114;200;1905;1316;398;0;0;113;55;58;0;34;16;2;5;11;4879
1996;Guangdong;75.70;2.5;6835.0;107.0;166;70;163;70;30;173;62;115;102;114;144;34;12;64;149;214;249;540;1282;295;0;0;375;194;343;0;122;36;8;9;49;5184
1996;Guangxi;45.89;3.7;1697.9;106.5;18;23;75;24;5;34;8;17;51;68;85;48;25;48;40;96;65;172;355;1020;0;0;195;88;74;0;15;5;2;1;5;2662
1996;Hainan;7.34;4.3;389.7;104.3;0;0;0;0;0;0;0;0;0;0;0;0;0;0;0;0;0;0;0;0;253;0;0;0;0;0;0;0;0;0;0;253
1996;Chongqing;30.23;;1315.1;109.7;0;0;0;0;0;0;0;0;0;0;0;0;0;0;0;0;0;0;0;0;0;0;0;0;0;0;0;0;0;0;0;0
1996;Sichuan;82.15;3.7;2871.7;109.3;42;72;76;49;14;57;16;35;55;150;60;38;22;25;78;137;443;68;206;189;0;0;4706;195;253;0;163;102;25;15;49;7340
1996;Guizhou;35.55;6.2;723.2;109.1;5;25;40;15;3;23;2;2;18;58;35;10;21;22;21;27;52;118;312;376;0;0;337;1084;151;0;7;2;1;1;3;2771
1996;Yunnan;40.42;2.9;1517.7;108.7;10;19;54;26;8;18;10;11;29;35;65;13;24;54;33;64;25;42;150;149;0;0;199;59;1260;0;68;30;5;2;20;2482
1996;Tibet;2.44;;65.0;;0;0;0;0;0;0;0;0;0;0;0;0;0;0;0;0;0;0;0;0;0;0;0;0;0;0;0;0;0;0;0;0
1996;Shaanxi;35.43;5.2;1215.8;109.7;9;26;25;45;7;11;3;9;49;605;63;64;17;95;24;114;319;74;71;28;0;0;167;10;26;0;1379;68;16;4;36;3364
1996;Gansu;24.67;5.5;722.5;110.2;9;60;35;23;30;27;5;10;24;131;62;12;20;6;26;86;32;22;59;11;0;0;224;10;34;0;192;1360;147;69;53;2779
1996;Qinghai;4.88;7.2;184.2;110.8;2;16;8;15;3;10;1;2;5;22;10;5;5;3;13;36;10;11;9;11;0;0;29;2;5;0;41;116;155;3;4;552
1996;Ningxia;5.21;5.2;202.9;106.8;36;58;42;7;47;106;7;5;5;14;5;4;5;1;19;6;28;3;11;2;0;0;16;1;4;0;109;497;50;479;19;1586
1996;Xinjiang;16.89;3.4;900.9;110.5;15;43;57;23;19;16;4;8;18;42;32;8;5;5;37;233;10;8;43;3;0;0;126;3;28;0;82;779;22;12;742;2423
1997;Beijing;12.40;0.7;2075.6;105.3;905;429;486;105;32;96;27;39;44;78;34;17;16;13;95;96;36;29;105;22;0;0;82;7;17;0;35;13;4;7;13;2882
1997;Tianjin;9.00;1.3;1264.6;103.1;229;306;348;110;66;76;40;78;22;46;19;11;17;15;43;94;21;16;56;10;0;0;35;4;13;0;39;22;10;11;42;1799
1997;Hebei;65.25;2.0;3953.8;103.5;1580;1272;4685;359;280;549;118;176;135;297;156;46;55;41;471;283;195;119;234;121;0;0;116;12;25;0;48;33;14;23;27;11470
1997;Shanxi;31.41;2.4;1476.0;103.1;1709;3156;8885;2356;302;1553;150;71;211;1741;322;385;112;118;2889;919;877;242;172;147;0;0;92;3;8;0;105;52;24;15;12;26628
1997;InnerMongolia;23.26;3.8;1153.5;104.5;127;894;1096;176;3148;1049;545;1159;39;131;66;28;23;18;268;114;43;37;54;23;0;0;39;4;5;0;38;57;23;110;10;9324
1997;Liaoning;40.77;3.9;3582.5;103.1;156;347;443;159;410;8402;867;745;63;156;82;46;22;26;209;168;58;55;83;48;0;0;143;10;18;0;39;33;16;12;20;12836
1997;Jilin;26.00;2.1;1464.3;103.7;115;125;272;65;139;1508;2611;548;71;90;67;22;21;20;196;88;24;25;88;40;0;0;113;12;17;0;23;8;3;3;9;6323
1997;Heilongjiang;37.51;2.6;2667.5;104.4;216;233;544;133;202;2914;2052;6701;58;148;54;31;25;25;353;148;44;41;76;21;0;0;93;8;7;0;45;25;1;12;9;14219
1997;Shanghai;13.05;2.7;3438.8;102.8;43;27;39;21;8;43;36;36;98;72;132;70;51;76;62;51;40;40;50;29;0;0;74;16;32;0;58;15;4;8;19;1250
1997;Jiangsu;71.48;2.5;6680.3;101.7;38;36;91;55;23;100;51;75;411;1470;272;346;85;50;178;222;34;53;132;42;0;0;95;18;45;0;64;44;19;8;74;4131
1997;Zhejiang;44.22;3.4;4686.1;102.8;19;13;28;13;9;50;22;39;190;30;649;38;76;143;48;24;18;92;47;20;0;0;47;14;24;0;17;14;4;4;27;1719
1997;Anhui;61.09;3.2;2347.4;101.3;16;14;39;21;11;43;29;28;226;1101;335;2541;206;80;90;41;12;22;54;18;0;0;24;7;13;0;18;11;4;2;18;5024
1997;Fujian;32.82;2.4;2870.9;101.7;40;17;41;25;12;48;25;46;61;98;257;46;1152;94;54;51;59;98;15;8;0;0;27;8;22;0;29;12;5;5;17;2372
1997;Jiangxi;41.50;3.0;1605.8;102.0;5;3;19;5;2;11;4;10;59;81;409;39;242;1200;31;24;42;117;163;40;0;0;33;24;20;0;9;3;1;0;3;2599
1997;Shandong;87.85;3.4;6537.1;102.8;272;98;441;382;133;200;131;225;245;711;381;377;99;138;4994;267;106;96;146;50;0;0;85;14;23;0;72;46;17;14;40;9803
1997;Henan;92.43;2.3;4041.1;103.5;70;65;112;142;39;146;53;52;126;857;179;334;73;306;416;2268;2291;470;463;249;0;0;228;38;38;0;114;61;31;10;33;9264
1997;Hubei;58.73;3.5;2856.5;103.2;32;30;141;96;15;47;20;46;27;83;53;55;87;107;164;366;1383;211;282;119;0;0;294;75;97;0;53;17;5;2;14;3921
1997;Hunan;64.65;3.6;2849.3;102.8;16;19;66;23;9;44;18;35;57;64;122;22;98;136;42;98;181;1633;1197;366;0;0;120;59;61;0;29;16;2;5;13;4551
1997;Guangdong;77.80;2.7;7774.5;101.9;170;64;146;72;34;160;58;116;118;121;155;33;12;82;147;232;266;608;1190;288;0;0;353;220;393;0;122;40;10;15;59;5284
1997;Guangxi;46.33;4.2;1817.3;100.8;21;19;71;24;6;39;10;20;44;64;75;47;29;42;40;95;67;150;338;934;0;0;267;144;105;0;16;7;1;1;5;2681
1997;Hainan;7.43;4.3;411.2;100.8;0;0;0;0;0;0;0;0;0;0;0;0;0;0;0;0;0;0;0;0;283;0;0;0;0;0;0;0;0;0;0;283
1997;Chongqing;30.43;2.9;1509.8;103.1;0;0;0;0;0;0;0;0;0;0;0;0;0;0;0;0;0;0;0;0;0;0;0;0;0;0;0;0;0;0;0;0
1997;Sichuan;82.65;3.9;3241.5;105.1;42;63;75;48;13;54;16;33;66;138;64;40;23;20;78;128;440;75;212;177;0;0;4513;187;303;0;197;74;20;20;46;7165
1997;Guizhou;36.06;6.5;805.8;103.4;5;23;35;17;4;24;2;2;20;54;34;11;22;25;37;30;45;130;338;452;0;0;331;970;115;0;5;2;1;1;6;2741
1997;Yunnan;40.94;2.8;1676.2;104.3;11;23;63;23;8;18;7;11;26;32;59;11;20;39;36;70;21;41;147;145;0;0;231;54;1304;0;65;29;4;2;16;2516
1997;Tibet;2.48;;77.2;;0;0;0;0;0;0;0;0;0;0;0;0;0;0;0;0;0;0;0;0;0;0;0;0;0;0;0;0;0;0;0;0
1997;Shaanxi;35.70;6.4;1363.6;104.8;9;26;33;49;6;14;3;9;54;577;85;63;15;91;22;142;239;82;98;36;0;0;199;11;21;0;1384;73;14;6;27;3388
1997;Gansu;24.94;5.2;793.6;102.9;10;60;31;34;32;38;5;8;24;105;48;12;24;6;26;102;36;22;66;11;0;0;228;8;23;0;199;1437;148;61;55;2859
1997;Qinghai;4.96;7.4;202.8;104.8;3;18;8;15;4;0.9;2;2;6;27;8;7;6;3;13;32;10;11;16;9;0;0;30;1;3;0;36;133;167;2;4;576.9
1997;Ningxia;5.29;4.8;224.6;103.8;37;87;38;5;35;83;2;3;4;12;5;2;4;2;18;5;28;6;16;4;0;0;31;1;3;0;115;522;53;459;15;1595
1997;Xinjiang;17.18;3.7;1039.9;103.7;15;58;72;30;29;16;4;6;19;54;32;7;9;8;49;254;21;12;58;9;0;0;132;4;22;0;74;801;16;15;842;2668
1998;Beijing;12.46;0.7;2376.0;102.4;798;433;418;98;33;114;23;30;23;55;37;15;9;14;99;81;32;28;51;14;0;12;53;7;14;0;34;14;4;7;13;2563
1998;Tianjin;9.05;1.4;1374.6;99.5;256;317;310;124;74;73;35;65;17;39;15;9;9;23;36;76;23;15;46;6;0;11;29;4;13;0;32;21;12;13;51;1754
1998;Hebei;65.69;2.3;4256.0;98.4;1620;963;4462;310;229;508;122;209;131;250;128;50;48;48;383;344;164;116;205;106;0;56;90;19;29;0;52;40;14;20;32;10748
1998;Shanxi;31.72;2.2;1611.1;98.6;1447;3009;8267;2151;237;1244;110;51;174;1856;338;399;112;147;2646;771;891;274;189;135;0;7;86;6;8;0;109;57;38;14;13;24786
1998;InnerMongolia;23.45;3.1;1262.5;99.3;230;704;920;164;2884;916;452;1062;49;126;71;30;22;16;271;102;39;35;50;28;0;7;37;6;4;0;46;70;27;111;13;8492
1998;Liaoning;40.90;3.4;3881.7;99.3;172;341;460;135;440;7979;762;757;52;119;62;48;18;21;199;133;52;36;59;26;0;31;76;11;13;0;30;25;13;12;18;12100
1998;Jilin;26.03;3.1;1577.1;99.2;99;99;197;47;111;1305;2375;558;79;78;84;28;31;28;177;66;22;22;77;30;0;12;50;4;12;0;12;8;2;3;9;5625
1998;Heilongjiang;37.73;2.4;2774.4;100.4;168;212;436;83;181;2234;1647;6020;56;148;57;33;33;15;336;122;27;30;58;25;0;11;48;12;9;0;43;16;3;14;7;12084
1998;Shanghai;13.07;2.8;3801.1;100.0;50;29;34;17;8;39;29;33;93;56;97;68;41;82;57;49;37;48;45;25;0;18;64;14;30;0;45;16;5;6;18;1153
1998;Jiangsu;71.82;2.6;7200.0;99.4;28;38;57;37;24;66;42;61;344;1297;247;351;95;67;168;240;51;40;156;36;0;21;76;21;50;0;59;45;20;7;49;3793
1998;Zhejiang;44.47;3.2;5052.6;99.7;17;13;27;0.12;9;45;22;36;158;27;629;46;53;180;46;27;19;120;47;23;0;19;37;15;31;0;18;12;4;4;27;1711.12
1998;Anhui;61.52;3.2;2542.9;100.0;10;7;18;15;9;23;16;17;217;1204;410;2473;208;99;78;55;15;20;88;17;0;4;16;6;10;0;14;8;2;1;10;5070
1998;Fujian;32.99;2.1;3159.9;99.7;34;15;36;21;9;37;17;37;53;89;237;48;1139;111;43;53;65;104;15;8;0;15;26;12;31;0;33;12;4;4;18;2326
1998;Jiangxi;41.91;2.5;1719.9;101.0;4;4;18;5;2;10;4;8;70;69;385;37;244;1231;30;25;46;159;202;46;0;11;18;22;13;0;8;4;0;0;3;2678
1998;Shandong;88.38;3.3;7021.4;99.4;164;88;418;334;109;215;115;217;201;857;505;409;116;118;4858;248;108;82;163;50;0;23;70;18;23;0;58;47;19;16;39;9688
1998;Henan;93.15;2.6;4308.2;97.5;47;48;115;156;32;80;47;45;127;792;196;257;118;315;342;2179;2101;500;532;259;0;49;147;36;37;0;131;59;32;10;39;8828
1998;Hubei;59.07;3.3;3114.0;98.4;30;26;157;85;13;38;17;41;32;86;54;65;100;143;185;368;1425;232;368;129;0;78;164;68;50;0;55;14;3;3;12;4041
1998;Hunan;65.02;3.9;3025.5;100.2;16;15;61;18;8;37;14;26;49;53;100;23;113;163;44;102;192;1582;1254;289;0;43;56;62;38;0;26;14;3;5;13;4419
1998;Guangdong;79.90;2.3;8530.9;98.2;127;46;103;52;23;119;44;90;108;108;132;26;11;137;106;176;301;616;1123;313;0;87;238;203;354;0;106;39;10;11;49;4858
1998;Guangxi;46.75;3.2;1911.3;97.0;22;13;67;25;6;30;8;14;38;62;91;44;32;45;37;105;80;177;305;891;0;52;160;161;152;0;16;8;1;2;5;2649
1998;Hainan;7.53;3.3;442.1;97.3;0;0;0;0;0;0;0;0;0;0;0;0;0;0;0;0;0;0;0;0;286;0;0;0;0;0;0;0;0;0;0;286
1998;Chongqing;30.60;3.5;1602.4;96.4;6;6;17;5;1;11;3;5;7;15;13;7;5;6;18;20;67;18;60;108;0;649;353;77;23;0;16;5;2;1;7;1531
1998;Sichuan;83.16;3.7;3474.1;99.6;35;42;64;38;11;36;15;27;49;112;54;37;21;25;74;104;277;69;144;143;0;310;2994;106;255;0;196;71;21;17;42;5389
1998;Guizhou;36.58;3.8;858.4;100.1;6;16;49;29;4;19;2;3;22;65;37;14;31;33;54;33;29;157;311;743;0;138;231;934;71;0;3;5;0;1;3;3043
1998;Yunnan;41.44;2.2;1831.3;101.7;11;19;76;30;8;16;7;10;22;39;59;12;18;43;64;85;21;33;161;206;0;56;163;76;1260;0;70;50;4;4;19;2642
1998;Tibet;2.52;;91.5;100.7;0;0;0;0;0;0;0;0;0;0;0;0;0;0;0;0;0;0;0;0;0;0;0;0;0;0;0;0;0;0;0;0
1998;Shaanxi;35.96;3.1;1458.4;98.4;9;22;28;45;6;12;4;10;60;437;91;62;17;72;18;131;233;87;102;53;0;33;241;13;33;0;1219;68;17;7;27;3157
1998;Gansu;25.19;3.3;887.7;99.0;10;52;30;34;35;31;5;8;22;78;35;15;15;7;27;109;52;21;58;12;0;30;258;13;35;0;207;1387;142;44;57;2829
1998;Qinghai;5.03;2.5;220.9;100.7;2;16;6;16;5;12;2;2;6;28;8;9;5;3;15;28;10;11;19;8;0;4;30;2;2;0;32;144;160;3;6;594
1998;Ningxia;5.37;4.7;245.4;100.0;36;97;41;4;49;91;5;3;4;11;4;2;3;1;14;9;21;6;13;4;0;3;45;1;5;0;143;505;45;428;22;1615
1998;Xinjiang;17.47;3.9;1107.0;100.2;14;56;75;46;22;16;3;6;15;46;29;6;8;7;50;320;32;12;36;4;0;23;139;7;35;0;71;752;24;11;883;2748
1999;Beijing;12.57;0.6;2677.6;100.6;830;436;468;80;33;124;25;30;21;62;35;21;8;16;96;63;26;23;44;7;0;13;37;7;14;0;32;11;4;5;11;2582
1999;Tianjin;9.10;2.9;1501.0;98.9;244;326;342;114;73;70;43;60;16;36;14;10;9;26;48;53;18;16;33;7;0;10;36;4;12;0;32;28;12;20;43;1755
1999;Hebei;66.14;2.5;4514.2;98.1;1465;857;4395;310;314;464;159;226;117;294;112;61;50;73;437;332;160;107;162;98;0;64;84;23;31;0;47;48;14;18;30;10552
1999;Shanxi;32.04;2.1;1667.1;99.6;1314;2942;9293;2314;206;1114;85;54;200;1890;391;403;106;187;3159;734;968;258;195;94;0;8;101;8;5;0;130;58;39;16;14;26286
1999;InnerMongolia;23.62;3.1;1379.3;99.8;292;689;940;173;2798;994;469;1033;54;141;83;44;19;25;294;98;38;51;58;25;0;8;40;6;6;0;57;96;23;112;15;8681
1999;Liaoning;41.03;3.5;4171.7;98.6;173;322;531;122;463;7822;869;767;48;143;64;60;18;31;210;124;47;46;53;22;0;25;79;10;13;0;35;23;16;11;16;12163
1999;Jilin;26.16;3.3;1682.1;98.0;108;101;249;33;130;1571;2305;530;79;90;105;34;26;43;192;66;20;34;61;34;0;11;50;6;14;0;12;7;3;3;8;5925
1999;Heilongjiang;37.92;2.5;2866.3;96.8;175;208;431;77;182;2357;1869;6046;52;160;59;39;38;26;431;123;33;45;57;36;0;13;59;11;15;0;43;16;3;13;10;12627
1999;Shanghai;13.13;3.4;4188.7;101.5;41;21;25;19;6;34;31;33;82;44;70;65;43;55;41;41;31;39;50;21;0;17;57;14;34;0;37;13;4;5;22;995
1999;Jiangsu;72.13;2.8;7697.8;98.7;30;34;61;41;22;70;47;65;277;1400;250;336;127;61;129;265;49;49;184;35;0;30;92;27;60;0;66;52;27;8;47;3941
1999;Zhejiang;44.67;3.5;5443.9;98.8;18;10;24;11;11;45;23;40;112;23;712;53;52;203;40;23;21;126;53;24;0;24;45;20;37;0;16;13;4;5;28;1816
1999;Anhui;62.05;3.2;2712.3;97.8;14;8;21;15;7;25;14;14;178;1537;533;2426;197;151;78;55;25;28;109;17;0;5;15;6;12;0;21;7;3;1;11;5533
1999;Fujian;33.16;2.2;3414.2;99.1;26;11;29;18;8;32;16;32;45;87;250;41;1231;112;36;59;61;111;18;6;0;16;30;13;33;0;32;14;5;4;16;2392
1999;Jiangxi;42.31;2.6;1853.7;98.6;6;3;16;4;3;14;7;7;64;56;374;45;297;1279;25;15;41;137;220;40;0;11;17;28;15;0;8;4;1;0;4;2741
1999;Shandong;88.83;3.2;7493.8;99.3;194;90;416;270;77;204;145;226;173;972;577;388;106;128;4991;220;105;76;166;50;0;25;74;20;28;0;60;36;11;13;38;9879
1999;Henan;93.87;2.6;4517.9;96.9;66;37;119;177;36;66;45;48;106;786;198;257;119;274;373;2208;2248;513;529;219;0;55;156;43;41;0;205;60;37;10;33;9064
1999;Hubei;59.38;3.3;3229.3;97.8;33;28;136;67;12;31;15;34;25;83;60;71;106;165;157;270;1447;256;365;126;0;58;147;65;56;0;51;14;5;4;16;3903
1999;Hunan;65.32;3.9;3214.5;100.5;14;15;46;16;7;36;18;31;57;46;127;20;119;182;35;80;175;1558;1335;276;0;43;50;90;46;0;22;12;2;5;12;4475
1999;Guangdong;82.18;2.3;9250.7;98.2;70;26;76;42;16;88;37;72;48;58;85;21;8;137;73;131;277;586;1145;317;0;96;195;214;282;0;95;32;10;11;47;4295
1999;Guangxi;47.13;3.3;1971.4;97.7;18;10;55;17;5;40;8;14;32;59;91;38;34;47;36;78;74;178;320;779;0;46;161;224;218;0;13;5;1;1;4;2606
1999;Hainan;7.62;3.2;476.7;98.3;0;0;0;0;0;0;0;0;0;0;0;0;0;0;0;0;0;0;0;0;348;0;0;0;0;0;0;0;0;0;0;348
1999;Chongqing;30.72;3.5;1663.2;99.3;4;5;15;4;1;8;3;4;6;15;13;8;5;6;19;15;51;16;67;93;0;666;339;106;26;0;14;5;1;1;7;1523
1999;Sichuan;83.59;3.7;3649.1;98.5;29;41;79;33;9;34;15;25;47;108;57;28;26;20;69;103;247;75;160;139;0;298;2951;144;250;0;182;79;20;19;43;5330
1999;Guizhou;37.10;4.0;937.5;99.2;5;19;44;19;3;19;2;3;30;41;41;9;40;36;51;42;19;146;361;907;0;130;179;1048;61;0;3;5;1;2;3;3269
1999;Yunnan;41.92;2.5;1899.8;99.7;10;20;63;47;8;18;9;11;24;40;56;11;17;44;55;83;21;39;215;240;0;55;213;100;1223;0;85;46;4;4;15;2776
1999;Tibet;2.56;;106.0;100.0;0;0;0;0;0;0;0;0;0;0;0;0;0;0;0;0;0;0;0;0;0;0;0;0;0;0;0;0;0;0;0;0
1999;Shaanxi;36.18;2.6;1592.6;97.8;8;29;34;63;5;15;6;13;52;278;50;79;22;46;35;159;279;79;100;59;0;30;286;17;53;0;1245;82;19;8;26;3177
1999;Gansu;25.43;2.8;956.3;97.6;10;57;38;47;31;24;5;9;23;88;44;17;21;9;33;118;50;26;70;11;0;35;238;16;53;0;224;1417;149;57;51;2971
1999;Qinghai;5.10;2.5;239.4;99.5;2;14;7;18;8;11;2;2;7;31;9;9;6;2;17;31;11;13;19;7;0;7;35;2;3;0;36;155;135;3;6;608
1999;Ningxia;5.43;4.5;264.6;98.7;34;129;38;4;67;81;2;4;5;10;5;3;4;2;12;11;20;6;13;4;0;3;59;1;9;0;163;442;35;439;22;1627
1999;Xinjiang;17.75;3.7;1163.2;97.4;13;93;90;53;27;22;4;5;26;60;31;6;10;10;79;323;66;10;58;4;0;26;158;11;42;0;87;897;31;17;793;3052
2000;Beijing;13.64;0.8;3161.0;103.5;745;477;486;79;46;125;22;31;21;60;28;22;9;15;91;60;25;22;38;7;0;11;32;8;14;0;38;12;5;7;13;2543
2000;Tianjin;9.12;3.2;1701.9;99.6;276;389;432;119;92;62;48;58;19;40;14;14;11;24;50;57;18;15;27;8;0;12;33;6;12;0;36;30;12;22;58;1987
2000;Hebei;66.74;2.8;5044.0;99.7;1492;1563;4657;379;303;486;167;255;122;321;118;65;54;67;447;320;152;105;168;84;0;57;89;25;33;0;64;43;15;16;34;11694
2000;Shanxi;32.48;2.2;1845.7;103.9;1374;3232;10738;2366;211;1181;84;56;206;2039;426;397;110;196;3717;826;955;267;209;105;0;10;102;8;7;0;132;58;37;21;16;29080.5
2000;InnerMongolia;23.72;3.3;1539.1;101.3;327;850;1078;168;2856;972;529;997;67;143;91;39;18;23;371;91;37;47;59;24;0;9;52;7;7;0;54;126;25;117;16;9194
2000;Liaoning;41.35;3.7;4669.1;99.9;188;308;579;135;514;8121;901;741;49;143;61;61;17;25;220;129;46;40;47;21;0;24;76;12;14;0;39;26;14;14;18;12576.5
2000;Jilin;26.27;3.7;1951.5;98.6;102;85;219;30;132;1640;2275;487;65;78;85;32;23;31;162;53;18;24;53;26;0;11;51;6;16;0;13;7;3;3;9;5731.5
2000;Heilongjiang;38.07;3.3;3151.4;98.3;192;212;441;86;221;2584;1869;5888;64;154;59;41;37;25;430;112;33;42;62;34;0;18;71;14;19;0;45;19;5;14;13;12796
2000;Shanghai;13.22;3.5;4771.2;102.5;42;21;26;19;9;40;34;38;95;40;71;62;43;59;41;43;29;40;49;21;0;16;63;14;32;0;40;15;4;6;32;1037.5
2000;Jiangsu;73.27;3.2;8553.7;100.1;34;34;63;56;22;71;50;67;232;1423;271;347;107;69;124;403;61;51;159;34;0;32;113;28;52;0;65;83;34;9;52;4138.5
2000;Zhejiang;45.01;3.5;6141.0;101.0;18;10;22;13;12;43;21;40;132;30;770;49;61;230;40;25;26;121;60;28;0;29;52;22;37;0;18;15;5;5;34;1960.5
2000;Anhui;62.78;3.3;2902.2;100.7;16;10;24;21;8;28;14;16;218;1632;610;2666;182;163;97;67;24;35;116;15;0;6;23;7;10;0;23;9;4;1;10;6048.5
2000;Fujian;34.10;2.6;3764.5;102.1;22;10;28;16;8;28;14;27;48;85;279;42;1354;116;38;59;59;131;51;8;0;20;39;17;29;0;36;14;6;5;21;2603
2000;Jiangxi;41.49;2.9;2003.1;100.3;8;4;17;6;3;16;7;8;69;59;477;43;357;1293;28;17;69;171;277;75;0;12;27;28;13;0;7;5;1;0;5;3093.5
2000;Shandong;89.97;3.2;8337.5;100.2;216;89;553;373;79;217;160;228;193;1056;634;408;125;136;5183;394;121;89;154;50;0;31;90;22;31;0;73;45;17;16;41;10818
2000;Henan;94.88;2.6;5053.0;99.2;57;41;109;170;42;73;42;47;119;934;225;341;157;302;470;2302;2310;559;567;226;0;64;182;50;43;0;207;74;43;16;35;9800.5
2000;Hubei;59.60;3.5;3545.4;99.0;33;26;133;73;12;34;16;31;21;71;66;67;108;163;167;284;1507;279;388;138;0;65;173;67;57;0;63;15;6;5;14;4073
2000;Hunan;65.62;3.7;3551.5;101.4;18;16;48;23;7;37;18;32;69;51;149;19;138;203;35;79;171;1615;1380;301;0;39;62;105;47;0;23;14;3;6;14;4716
2000;Guangdong;86.50;2.5;10741.3;101.4;76;21;75;39;15;88;35;78;39;51;86;24;13;139;62;112;234;704;1229;369;0;116;237;253;312;0;86;33;10;11;61;4601.5
2000;Guangxi;47.51;3.2;2080.0;99.7;16;9;49;14;5;30;8;12;35;58;88;31;34;48;36;75;70;185;333;854;0;65;186;265;228;0;13;9;1;2;4;2757
2000;Hainan;7.88;3.2;526.8;101.1;0;0;0;0;0;0;0;0;0;0;0;0;0;0;0;0;0;0;0;0;318;0;0;0;0;0;0;0;0;0;0;317.5
2000;Chongqing;30.91;3.5;1791.0;96.7;5;5;13;4;2;8;3;5;8;15;13;8;8;6;18;16;55;16;79;115;0;678;365;113;25;0;14;6;3;2;8;1604.5
2000;Sichuan;84.08;4.0;3928.2;100.1;31;45;74;36;12;47;16;25;51;122;70;30;29;24;88;116;277;87;201;198;0;293;2963;168;273;0;185;84;25;22;51;5636
2000;Guizhou;37.56;3.8;1029.9;99.5;7;17;47;17;4;17;3;5;27;46;39;11;33;44;53;36;25;158;425;1064;0;128;174;1104;77;0;4;5;1;2;5;3571.5
2000;Yunnan;42.41;2.6;2011.2;97.9;10;20;66;38;9;18;9;11;28;47;61;15;28;60;62;77;20;46;219;283;0;52;255;109;1298;0;74;52;4;6;18;2990.5
2000;Tibet;2.60;4.1;117.8;99.9;0;0;0;0;0;0;0;0;0;0;0;0;0;0;0;0;0;0;0;0;0;0;0;0;0;0;0;0;0;0;0;0
2000;Shaanxi;36.44;2.7;1804.0;99.5;11;27;54;66;6;14;6;16;49;338;58;71;25;59;87;206;320;94;89;54;0;33;292;18;51;0;1212;70;20;9;29;3377
2000;Gansu;25.57;2.7;1052.9;99.5;10;46;38;44;33;23;6;8;28;98;44;23;21;9;34;132;57;35;70;15;0;43;264;15;52;0;244;1500;179;58;76;3198
2000;Qinghai;5.17;2.4;263.7;99.5;2;16;10;21;11;11;2;2;8;45;8;9;7;3;21;33;11;13;20;10;0;7;37;2;4;0;36;164;155;4;7;672.5
2000;Ningxia;5.54;4.6;295.0;99.6;33;146;51;9;71;89;4;5;15;18;7;6;6;3;14;23;31;9;16;5;0;4;74;2;8;0;156;436;53;458;27;1772
2000;Xinjiang;18.49;3.8;1363.6;99.4;16;89;94;52;27;24;4;7;25;67;34;8;14;10;101;298;67;11;64;5;0;29;176;16;66;0;98;973;44;19;915;3349.5
2001;Beijing;13.85;1.2;3710.5;103.1;659;518;503;77;59;125;19;32;20;58;20;22;10;14;86;56;24;21;32;6;0;9;26;9;13;0;44;13;5;9;15;2504
2001;Tianjin;9.14;3.6;1919.1;101.2;308;452;522;124;110;53;52;55;22;43;14;18;12;22;51;61;17;14;20;9;0;13;30;7;12;0;39;32;11;23;73;2219
2001;Hebei;66.99;3.2;5516.8;100.5;1518;2269;4918;448;291;507;175;284;126;348;123;68;58;60;457;307;144;103;173;70;0;50;93;26;34;0;81;38;15;14;38;12836
2001;Shanxi;32.72;2.6;2029.5;99.8;1433;3522;12183;2417;216;1247;83;58;212;2188;461;390;114;205;4274;917;942;275;223;116;0;11;102;8;9;0;134;58;34;25;18;31875
2001;InnerMongolia;23.78;3.7;1713.8;100.6;362;1010;1216;162;2914;949;589;961;80;144;98;34;17;21;447;84;36;43;60;23;0;10;63;7;7;0;50;155;26;122;17;9707
2001;Liaoning;41.47;3.2;5033.1;100.0;203;293;626;147;565;8419;933;714;49;143;58;62;16;19;230;133;45;34;41;19;0;22;73;13;14;0;42;29;12;16;20;12990
2001;Jilin;26.37;3.1;2120.4;101.3;96;69;188;27;133;1709;2245;443;51;66;65;29;19;19;131;40;15;13;44;18;0;10;51;6;17;0;13;7;3;2;9;5538
2001;Heilongjiang;38.11;4.7;3390.1;100.8;209;215;451;94;260;2810;1868;5729;75;147;59;42;36;23;428;101;33;39;66;31;0;22;83;17;23;0;46;21;7;15;15;12965
2001;Shanghai;13.27;4.0;5210.1;100.0;42;21;26;18;11;46;36;42;108;35;72;59;42;63;41;45;27;40;47;21;0;14;69;14;30;0;43;17;3;6;42;1080
2001;Jiangsu;73.59;3.6;9456.8;100.8;38;33;65;71;22;71;52;69;186;1445;292;358;86;77;118;541;72;53;133;33;0;33;133;29;44;0;63;113;40;10;56;4336
2001;Zhejiang;45.20;3.7;6898.3;99.8;17;10;19;14;13;40;19;40;152;37;827;45;69;257;39;26;30;116;66;31;0;33;59;23;36;0;19;17;6;5;40;2105
2001;Anhui;63.25;3.7;3246.7;100.5;17;12;26;26;9;30;14;17;258;1726;687;2906;167;174;116;79;22;42;122;12;0;7;31;7;8;0;25;11;4;1;8;6564
2001;Fujian;34.40;3.8;4072.9;98.7;18;8;27;14;8;23;11;21;51;82;308;43;1477;119;39;59;57;151;84;9;0;23;48;21;24;0;39;13;6;5;26;2814
2001;Jiangxi;41.86;3.3;2175.7;99.5;9;4;18;7;2;18;6;8;74;62;579;41;416;1306;30;18;97;204;333;109;0;12;36;28;11;0;6;6;1;1;5;3447
2001;Shandong;90.41;3.3;9195.0;101.8;238;87;690;476;81;230;175;229;213;1139;690;427;144;144;5375;567;137;101;142;49;0;37;105;24;33;0;86;53;23;19;43;11757
2001;Henan;95.55;2.8;5533.0;100.7;48;44;98;163;47;79;39;46;132;1082;251;424;195;329;567;2395;2372;604;604;233;0;73;208;56;44;0;208;88;49;22;37;10537
2001;Hubei;59.75;4.0;3880.5;100.3;33;23;130;79;11;36;16;27;17;58;72;63;109;160;177;297;1566;301;410;149;0;71;198;69;58;0;74;16;6;5;12;4243
2001;Hunan;65.96;4.0;3831.9;99.1;22;16;50;29;7;37;17;33;80;56;171;18;157;223;35;78;166;1671;1425;325;0;35;74;119;48;0;24;15;4;6;16;4957
2001;Guangdong;87.33;2.9;12039.3;99.3;82;15;73;35;14;87;32;83;30;43;86;26;18;141;50;93;191;822;1313;421;0;135;279;292;342;0;76;34;10;10;75;4908
2001;Guangxi;47.88;3.5;2279.3;100.6;13;8;42;11;4;20;7;10;37;57;84;24;34;48;36;72;66;192;346;929;0;83;211;305;237;0;13;12;1;2;4;2908
2001;Hainan;7.96;3.4;579.2;98.5;0;0;0;0;0;0;0;0;0;0;0;0;0;0;0;0;0;0;0;0;287;0;0;0;0;0;0;0;0;0;0;287
2001;Chongqing;30.98;3.9;1976.9;101.7;5;4;10;4;2;8;2;5;9;14;12;7;10;6;16;16;58;15;90;136;0;689;391;119;23;0;14;7;4;2;8;1686
2001;Sichuan;84.37;4.3;4293.5;102.1;33;48;68;39;14;59;16;25;54;136;83;32;32;28;106;129;306;99;242;257;0;288;2975;191;296;0;187;88;29;24;58;5942
2001;Guizhou;37.99;4.0;1133.3;101.8;8;14;49;14;4;15;4;7;24;51;37;12;25;52;54;30;31;170;488;1220;0;125;168;1160;93;0;5;4;1;2;7;3874
2001;Yunnan;42.87;3.3;2138.3;99.1;10;19;69;28;9;18;9;10;32;54;66;18;39;75;69;70;19;53;223;325;0;49;297;118;1373;0;63;58;4;8;20;3205
2001;Tibet;2.63;;139.2;100.1;0;0;0;0;0;0;0;0;0;0;0;0;0;0;0;0;0;0;0;0;0;0;0;0;0;0;0;0;0;0;0;0
2001;Shaanxi;36.59;3.2;2010.6;101.0;14;25;74;68;7;13;6;18;46;397;65;62;27;71;138;253;360;109;77;48;0;36;298;19;48;0;1179;57;21;10;31;3577
2001;Gansu;25.75;2.8;1125.4;104.0;10;34;37;41;34;22;6;6;32;108;43;28;20;9;35;146;64;43;70;18;0;51;290;14;50;0;264;1582;208;59;101;3425
2001;Qinghai;5.23;3.5;300.1;102.6;2;18;12;23;13;11;1;2;9;59;7;8;7;3;25;35;10;13;21;12;0;7;39;2;4;0;35;172;175;4;8;737
2001;Ningxia;5.63;4.4;337.4;101.6;31;162;63;14;75;97;6;6;24;26;8;9;8;4;16;35;42;11;19;5;0;4;89;2;6;0;148;430;70;476;31;1917
2001;Xinjiang;18.76;3.7;1491.6;104.0;19;85;98;51;26;25;4;9;24;74;37;10;17;10;123;273;67;12;70;6;0;31;193;21;90;0;109;1049;57;20;1037;3647
2002;Beijing;14.23;1.4;4330.4;98.2;588;451;491;78;59;143;23;34;22;62;20;19;11;14;95;54;24;19;29;7;0;11;29;8;14;0;43;12;6;8;18;2384
2002;Tianjin;9.19;3.9;2150.8;99.6;341;443;632;127;207;57;54;58;24;44;14;18;10;19;42;45;17;13;18;8;0;15;33;7;11;0;44;36;13;23;74;2439.5
2002;Hebei;67.35;3.6;6018.3;99.0;1558;2498;4657;464;236;469;151;244;145;372;133;69;53;68;474;317;148;119;160;73;0;52;102;28;35;0;83;45;17;20;50;12833.5
2002;Shanxi;32.94;3.4;2324.8;98.4;1397;3669;13626;2551;227;1292;90;49;224;2216;491;464;130;245;4596;938;995;319;213;129;0;16;120;10;12;0;138;61;34;28;16;34289
2002;InnerMongolia;23.79;4.1;1940.9;100.2;361;1257;1150;172;3033;1086;706;1002;109;212;113;41;18;31;553;92;46;45;63;24;0;15;92;10;8;0;59;143;41;134;17;10628.5
2002;Liaoning;41.55;6.5;5458.2;98.9;194;287;614;159;458;8487;995;684;52;143;53;63;14;20;259;161;55;40;37;19;0;23;84;16;18;0;43;38;14;19;23;13063.5
2002;Jilin;26.49;3.6;2345.5;99.5;95;76;182;30;121;2053;2090;452;55;81;58;34;15;19;143;46;19;15;40;17;0;11;55;12;21;0;14;13;5;4;11;5779.5
2002;Heilongjiang;38.13;4.9;3637.2;99.3;215;202;443;96;268;3181;1893;5790;85;172;58;56;29;22;362;105;34;37;56;27;0;23;89;18;32;0;50;24;8;16;19;13403
2002;Shanghai;13.34;4.8;5741.0;100.5;34;22;28;22;13;37;31;34;135;38;94;61;38;70;38;45;26;45;41;24;0;18;86;16;32;0;53;15;5;6;43;1145
2002;Jiangsu;74.06;4.2;10606.9;99.2;32;33;77;184;23;66;55;66;155;1409;338;334;114;105;97;512;73;61;121;39;0;31;155;31;48;0;87;102;43;13;55;4451
2002;Zhejiang;45.36;4.2;8003.7;99.1;17;9;19;16;13;36;18;34;141;46;921;36;77;323;34;29;28;172;69;32;0;37;61;27;42;0;18;14;6;5;43;2316
2002;Anhui;63.69;4.0;3519.8;99.0;16;15;34;33;14;35;18;22;263;1809;773;3202;207;272;128;83;43;37;106;12;0;8;36;9;11;0;22;10;6;1;8;7225
2002;Fujian;34.66;4.2;4467.6;99.5;20;7;26;16;10;27;10;27;49;85;314;39;1576;139;35;54;56;163;116;12;0;29;51;26;28;0;43;17;7;5;30;3011
2002;Jiangxi;42.22;3.4;2450.5;100.1;9;4;17;9;3;17;6;8;80;64;581;43;469;1449;33;21;106;257;374;118;0;14;48;31;14;0;7;8;1;1;5;3788.5
2002;Shandong;90.82;3.6;10275.5;99.3;228;104;722;730;88;227;159;218;193;1264;831;445;131;164;5334;607;154;105;135;52;0;39;114;28;42;0;110;57;27;16;51;12369.5
2002;Henan;96.13;2.9;6035.5;100.1;57;42;119;178;46;63;31;39;128;1278;264;499;196;438;585;2393;2537;721;575;227;0;74;217;59;53;0;176;86;62;22;38;11194.5
2002;Hubei;59.88;4.3;4212.8;99.6;32;21;127;102;12;33;15;25;17;55;86;54;115;183;186;279;1559;284;454;150;0;72;198;82;64;0;97;18;8;6;14;4339
2002;Hunan;66.29;4.0;4151.5;99.5;21;14;45;44;7;30;15;31;84;58;197;20;182;314;33;67;159;1648;1420;343;0;40;78;126;51;0;23;16;5;6;16;5084.5
2002;Guangdong;88.42;3.1;13502.4;98.6;56;11;59;34;15;67;24;63;28;34;81;21;26;168;40;73;147;762;1344;523;0;153;304;334;358;0;71;29;10;7;69;4902
2002;Guangxi;48.22;3.7;2523.7;99.1;14;9;48;15;5;16;7;10;35;61;99;27;36;53;42;79;76;202;352;896;0;102;262;332;290;0;15;13;1;2;5;3097
2002;Hainan;8.03;3.1;642.7;99.5;0;0;0;0;0;0;0;0;0;0;0;0;0;0;0;0;0;0;0;0;314;0;0;0;0;0;0;0;0;0;0;314
2002;Chongqing;31.14;4.1;2232.9;99.6;5;4;12;6;2;11;3;6;12;18;13;7;11;6;17;20;40;18;85;164;0;709;402;123;26;0;14;7;4;3;8;1749
2002;Sichuan;84.75;4.5;4725.0;99.7;34;55;76;43;15;61;18;26;73;151;101;36;43;41;113;125;346;121;253;279;0;305;3152;212;330;0;190;89;31;25;55;6390.5
2002;Guizhou;38.37;4.1;1243.4;99.0;8;11;50;13;4;17;5;9;28;50;61;13;52;77;60;33;49;254;517;1466;0;157;175;1160;109;0;8;5;1;4;9;4397
2002;Yunnan;43.33;4.0;2312.8;99.8;11;19;72;38;12;20;9;12;38;59;82;20;34;93;82;74;28;75;262;384;0;56;344;121;919;0;69;60;8;12;23;3028.5
2002;Tibet;2.67;4.9;162.0;100.4;0;0;0;0;0;0;0;0;0;0;0;0;0;0;0;0;0;0;0;0;0;0;0;0;0;0;0;0;0;0;0;0
2002;Shaanxi;36.74;3.3;2253.4;98.9;21;26;104;96;17;11;6;13;46;588;98;64;32;132;204;392;522;131;76;41;0;40;322;22;50;0;1147;54;22;10;33;4315
2002;Gansu;25.93;3.2;1232.0;100.0;14;42;45;43;34;20;7;6;37;136;66;29;25;15;38;140;67;44;68;19;0;47;278;18;45;0;275;1621;259;61;110;3602
2002;Qinghai;5.29;3.6;340.7;102.3;3;16;13;28;12;11;1;3;10;65;9;8;7;4;27;36;10;13;22;10;0;8;49;3;6;0;39;185;194;6;7;797.5
2002;Ningxia;5.72;4.4;377.2;99.4;29;143;106;13;89;107;6;6;26;27;9;9;12;4;29;31;33;8;18;5;0;5;87;3;6;0;143;417;86;481;23;1954
2002;Xinjiang;19.05;3.7;1612.7;99.4;22;93;102;59;29;26;5;9;38;85;38;11;17;12;126;262;76;31;64;7;0;42;200;18;79;0;135;1172;71;28;1184;4032.5
2003;Beijing;14.56;1.4;5023.8;100.2;516;384;479;79;58;160;27;36;23;65;19;15;11;14;103;52;23;16;26;8;0;12;32;7;14;0;41;11;6;7;20;2264
2003;Tianjin;9.26;3.8;2578.0;101.0;373;434;741;130;303;60;56;60;26;44;14;17;8;15;33;28;16;12;16;6;0;17;36;6;9;0;49;39;15;23;74;2660
2003;Hebei;67.69;3.9;6921.3;102.2;1598;2727;4396;480;180;430;127;204;163;395;142;70;48;76;491;327;152;135;146;75;0;53;110;29;35;0;85;52;18;25;62;12831
2003;Shanxi;33.14;3.0;2855.2;101.8;1360;3816;15068;2685;238;1337;97;40;236;2244;521;537;146;285;4917;958;1047;362;203;142;0;20;137;12;15;0;141;63;33;30;13;36703
2003;InnerMongolia;23.80;4.5;2388.4;102.2;360;1504;1083;181;3151;1223;823;1043;137;279;128;47;19;41;659;100;55;47;66;25;0;19;121;13;9;0;68;130;56;146;17;11550
2003;Liaoning;41.62;6.5;6002.5;101.7;184;280;601;170;351;8554;1057;653;54;142;47;63;12;21;288;189;65;46;32;18;0;24;95;18;21;0;44;47;15;21;25;13137
2003;Jilin;26.59;4.3;2662.1;101.2;93;83;175;33;109;2396;1934;460;58;95;50;39;10;18;155;52;22;17;36;16;0;12;58;18;25;0;14;19;6;5;13;6021
2003;Heilongjiang;38.15;4.2;4057.4;100.9;221;189;435;97;275;3551;1917;5851;95;197;56;69;22;21;296;108;34;35;45;22;0;23;94;19;40;0;54;27;8;17;23;13841
2003;Shanghai;13.42;4.9;6694.2;100.1;26;22;29;26;14;27;26;26;162;41;116;63;34;76;34;45;25;49;34;27;0;22;102;17;34;0;63;13;7;6;44;1210
2003;Jiangsu;74.58;4.1;12442.9;101.0;26;33;89;297;23;60;57;62;123;1372;383;310;142;132;76;482;73;68;109;45;0;28;177;32;52;0;111;90;46;15;53;4566
2003;Zhejiang;45.52;4.2;9705.0;101.9;16;8;19;18;13;32;16;28;130;55;1015;26;85;389;28;31;25;228;71;32;0;40;62;30;47;0;16;11;6;4;46;2527
2003;Anhui;64.10;4.1;3923.1;101.7;15;17;41;39;19;39;21;26;267;1891;858;3498;246;370;140;86;64;31;90;12;0;9;40;11;13;0;19;9;7;1;7;7886
2003;Fujian;34.88;4.1;4983.7;100.8;22;6;25;18;11;30;9;33;47;87;320;34;1675;158;30;49;55;175;148;14;0;34;54;30;32;0;46;20;8;5;33;3208
2003;Jiangxi;42.54;3.6;2807.4;100.8;8;3;16;10;3;16;5;7;85;65;583;44;521;1592;36;24;114;309;414;127;1;16;60;34;16;0;7;9;1;1;4;4131
2003;Shandong;91.25;3.6;12078.2;101.1;217;121;754;984;95;223;143;206;172;1389;972;463;117;183;5293;647;171;109;128;54;0;40;122;31;51;0;134;61;30;13;59;12982
2003;Henan;96.67;3.1;6867.7;101.6;66;39;140;193;44;47;22;32;124;1473;277;573;197;546;602;2390;2701;837;545;220;3;75;226;62;61;0;143;83;74;22;38;11855
2003;Hubei;60.02;4.3;4757.5;102.2;30;18;123;124;12;30;13;23;16;52;100;45;120;205;195;261;1551;266;498;150;3;72;197;94;70;0;120;20;9;6;15;4438
2003;Hunan;66.63;3.8;4660.0;102.4;19;12;39;59;7;23;12;28;87;59;222;21;207;404;31;56;151;1625;1414;360;3;45;81;132;54;0;21;17;6;5;15;5215
2003;Guangdong;89.63;2.9;15844.6;100.6;30;7;44;32;15;46;16;42;25;24;76;15;34;194;29;53;103;702;1374;624;2;170;328;376;373;0;66;23;9;4;62;4898
2003;Guangxi;48.57;3.6;2821.1;101.1;14;10;54;19;5;12;6;9;32;65;113;30;38;57;47;86;86;211;357;863;5;120;313;358;343;0;16;14;1;2;5;3291
2003;Hainan;8.11;3.4;714.0;100.1;0;0;0;0;0;0;0;0;0;0;0;0;0;0;0;1;1;0;0;0;341;1;1;1;0;0;0;0;0;0;0;346
2003;Chongqing;31.30;4.1;2555.7;100.6;5;4;14;8;2;13;4;6;15;21;13;7;12;5;17;23;22;20;80;192;0;729;412;127;28;0;13;6;4;3;7;1812
2003;Sichuan;85.29;4.4;5333.1;101.7;34;61;83;46;15;63;19;26;91;165;119;39;54;54;119;120;385;143;263;301;0;322;3328;232;363;0;193;90;33;26;52;6839
2003;Guizhou;38.70;4.0;1426.3;101.2;7;8;50;12;4;18;5;10;32;48;84;13;78;102;65;36;67;337;545;1712;1;189;181;1159;125;0;11;5;1;5;11;4921
2003;Yunnan;43.76;4.1;2556.0;101.2;12;18;74;47;15;21;8;13;44;63;98;22;29;110;95;77;36;97;301;442;0;63;390;123;464;0;75;62;11;16;26;2852
2003;Tibet;2.70;;185.1;100.9;0;0;0;0;0;0;0;0;0;0;0;0;0;0;0;0;0;0;0;0;0;0;0;0;0;0;0;0;0;0;0;0
2003;Shaanxi;36.90;3.5;2587.7;101.7;28;27;134;123;27;9;5;8;45;779;131;65;37;193;269;530;683;153;74;34;0;44;346;25;52;0;1114;51;23;9;35;5053
2003;Gansu;26.03;3.4;1399.8;101.1;18;50;53;45;33;18;8;5;41;164;88;29;30;20;41;134;69;44;66;19;0;42;266;21;39;0;286;1660;310;62;118;3779
2003;Qinghai;5.34;3.8;390.2;102.0;4;14;13;32;11;10;1;3;10;70;11;8;7;4;29;36;10;13;22;8;0;9;58;3;8;0;42;197;212;8;5;858
2003;Ningxia;5.80;4.4;455.4;101.7;27;123;149;11;102;117;5;5;27;28;10;9;15;4;42;27;24;5;16;4;0;5;85;3;6;0;138;404;101;485;14;1991
2003;Xinjiang;19.34;3.5;1886.4;100.4;24;100;105;66;32;27;5;8;51;95;38;11;17;14;128;251;84;50;57;8;0;53;206;14;68;0;160;1295;85;36;1330;4418
2004;Beijing;14.93;1.3;6060.3;101.0;441;402;447;81;48;150;23;33;27;51;20;16;10;12;89;45;22;17;23;9;0;14;35;10;15;0;38;12;6;8;22;2120
2004;Tianjin;9.33;3.8;3111.0;102.3;503;451;911;139;315;66;53;59;22;41;12;16;6;10;34;35;18;12;12;6;0;20;39;7;12;0;47;43;12;26;83;3002.5
2004;Hebei;68.09;4.0;8477.6;104.3;1525;2673;4759;408;168;416;119;189;165;440;135;74;48;91;504;321;188;156;140;73;0;65;128;32;42;0;83;60;16;19;64;13094.5
2004;Shanxi;33.35;3.1;3571.4;104.1;1551;3860;17691;2978;278;1486;102;48;236;2736;524;552;148;366;6087;1095;1228;436;201;151;0;21;131;11;18;0;144;50;29;27;19;42199.5
2004;InnerMongolia;23.84;4.6;3041.1;102.9;379;1758;1637;186;3531;1784;1109;1454;145;286;111;50;26;54;622;134;76;65;81;32;0;25;153;13;13;0;90;147;47;151;19;14171.5
2004;Liaoning;41.73;6.5;6672.0;103.5;211;276;522;150;381;9276;1003;654;47;125;48;60;17;29;258;180;64;42;27;20;0;27;98;16;24;0;50;43;13;19;31;13704
2004;Jilin;26.62;4.2;3122.0;104.1;84;82;153;32;107;2451;1922;478;84;133;94;69;16;37;152;61;30;28;29;32;0;21;61;13;34;0;14;14;8;5;13;6248.5
2004;Heilongjiang;38.17;4.5;4750.6;103.8;205;165;466;111;315;3823;2001;6288;111;212;69;78;18;20;310;101;39;31;39;22;0;25;88;24;45;0;57;26;9;14;22;14729
2004;Shanghai;13.52;4.5;8072.8;102.2;28;27;29;24;17;26;25;27;144;41;147;54;39;79;35;46;28;49;35;31;0;19;103;20;37;0;60;15;7;6;51;1244
2004;Jiangsu;75.23;3.8;15003.6;104.1;28;29;92;363;34;67;59;73;118;1300;349;380;134;152;95;535;74;74;100;41;0;27;187;34;54;0;135;148;56;25;67;4823
2004;Zhejiang;45.77;4.1;11648.7;103.9;16;8;21;22;11;30;14;27;119;44;1174;28;108;348;32;32;24;244;80;32;0;40;66;34;52;0;14;11;6;4;50;2683
2004;Anhui;64.61;4.2;4759.3;104.5;17;21;58;47;26;53;25;34;260;1689;806;3877;274;388;164;120;77;36;106;23;1;14;46;17;17;0;26;22;11;3;9;8262
2004;Fujian;35.11;4.0;5763.4;104.0;20;7;25;22;12;26;9;30;46;93;273;38;1833;206;32;56;60;150;146;15;0;30;50;30;32;0;48;19;8;6;36;3350
2004;Jiangxi;42.84;3.6;3456.7;103.5;11;4;17;9;3;16;6;9;97;66;567;44;589;1815;42;28;104;326;411;126;1;23;69;44;24;0;8;8;2;1;5;4468
2004;Shandong;91.80;3.4;15021.8;103.6;197;132;907;1105;109;230;152;217;164;1278;912;505;114;193;5139;796;226;115;118;49;0;39;124;32;53;0;155;96;32;19;75;13273
2004;Henan;97.17;3.4;8553.8;105.4;55;36;111;169;46;68;27;40;133;1406;304;586;181;584;565;2551;2895;969;520;241;7;83;264;71;72;0;110;83;83;25;43;12322.5
2004;Hubei;60.16;4.2;5633.2;104.9;33;24;133;120;14;39;21;35;17;59;110;46;112;242;217;271;1531;314;509;167;6;63;221;113;79;0;121;21;10;8;18;4667.5
2004;Hunan;66.98;4.4;5641.9;105.1;19;13;40;70;8;22;12;26;86;63;237;23;198;408;39;57;141;1608;1399;359;2;55;84;133;67;0;26;20;6;5;16;5233
2004;Guangdong;91.11;2.7;18864.6;103.0;37;5;43;52;16;38;14;36;33;21;86;15;30;254;29;47;100;887;1304;772;2;188;369;400;484;0;85;26;9;6;73;5453.5
2004;Guangxi;48.89;4.1;3433.5;104.4;15;11;53;21;7;12;7;10;34;72;118;36;36;60;57;87;87;236;354;991;10;111;380;376;424;0;19;17;2;2;6;3642.5
2004;Hainan;8.18;3.4;819.7;104.4;0;0;0;0;0;0;0;0;0;0;0;0;0;0;0;0;0;0;0;0;0;0;0;0;0;0;0;0;0;0;0;0
2004;Chongqing;31.44;4.1;3034.6;103.7;5;5;18;9;3;14;6;9;11;25;14;8;12;10;22;26;26;36;84;182;0;783;361;134;34;0;15;7;4;3;8;1865
2004;Sichuan;85.95;4.4;6379.6;104.9;40;67;97;54;20;67;21;30;101;170;129;45;62;64;138;131;403;161;296;298;0;283;3409;244;386;0;176;104;38;27;57;7112.5
2004;Guizhou;39.04;4.1;1677.8;104.0;6;9;55;18;7;21;6;16;31;60;88;17;75;113;86;40;70;396;560;1875;4;204;178;1079;170;0;14;6;2;6;16;5221.5
2004;Yunnan;44.15;4.3;3081.9;106.0;14;21;84;49;19;22;12;17;58;72;98;27;32;127;105;75;32;93;350;480;0;79;405;107;1191;0;82;73;10;17;34;3778.5
2004;Tibet;2.74;4.0;220.3;102.7;0;0;0;0;0;0;0;0;0;0;0;0;0;0;0;0;0;0;0;0;0;0;0;0;0;0;0;0;0;0;0;0
2004;Shaanxi;37.05;3.8;3175.6;103.1;28;47;124;157;17;10;8;13;49;980;184;64;30;176;442;449;601;146;75;45;0;39;376;26;53;0;1259;58;18;8;42;5518
2004;Gansu;26.19;3.4;1688.5;102.3;25;66;55;49;37;22;10;8;61;191;112;42;34;24;45;139;85;39;78;21;0;45;283;20;42;0;339;1670;243;50;102;3931
2004;Qinghai;5.39;3.9;466.1;103.2;10;15;40;44;11;12;2;5;15;102;18;15;10;9;42;75;32;15;31;8;0;12;64;4;14;0;48;197;229;13;5;1091
2004;Ningxia;5.88;4.5;537.1;103.7;29;134;170;11;97;132;6;6;25;50;23;13;11;11;65;32;29;11;21;5;0;5;87;4;5;0;117;488;93;523;25;2219.5
2004;Xinjiang;19.63;3.5;2209.1;102.7;29;112;94;74;70;32;8;12;60;124;54;17;19;11;135;239;95;58;70;12;0;44;257;26;90;0;201;1407;93;52;1397;4886.5
2005;Beijing;15.38;2.1;6969.5;101.5;366;420;414;83;37;139;19;29;30;37;20;17;8;10;74;38;21;17;20;10;0;16;37;13;16;0;34;12;6;9;24;1976
2005;Tianjin;9.39;3.7;3905.6;101.5;632;468;1080;148;327;71;49;57;17;37;9;15;4;5;34;41;20;11;8;6;0;23;42;8;14;0;45;46;8;29;91;3345
2005;Hebei;68.51;3.9;10096.1;101.8;1452;2619;5122;336;155;402;110;173;166;484;127;78;48;105;517;315;224;176;133;70;1;77;145;35;49;0;80;68;14;12;66;13359
2005;Shanxi;33.55;3.0;4179.5;102.3;1741;3904;20314;3271;318;1635;107;55;236;3228;527;566;150;447;7257;1232;1408;509;199;160;2;22;125;10;21;0;146;36;25;23;24;47698
2005;InnerMongolia;23.86;4.3;3895.6;102.4;398;2012;2191;190;3910;2344;1394;1865;152;293;93;53;32;67;584;168;97;82;95;39;2;30;184;13;17;0;112;164;38;155;21;16795
2005;Liaoning;41.89;5.6;8009.0;101.4;237;272;443;130;410;9997;948;654;40;108;49;57;21;37;228;170;63;38;21;21;0;29;101;14;26;0;55;38;11;16;37;14271
2005;Jilin;26.69;4.2;3620.3;101.5;75;81;131;30;104;2506;1909;495;109;171;137;98;22;55;149;69;38;38;21;48;0;29;64;8;42;0;13;8;10;4;12;6476
2005;Heilongjiang;38.20;4.4;5511.5;101.2;189;140;497;125;355;4094;2085;6725;127;227;82;86;14;18;324;94;43;27;33;22;0;27;81;29;49;0;59;25;9;11;20;15617
2005;Shanghai;13.60;4.4;9247.7;101.0;29;32;28;22;19;25;24;28;126;41;178;45;44;82;36;47;30;49;35;35;1;16;103;22;40;0;57;16;6;6;57;1279
2005;Jiangsu;75.88;3.6;18598.7;102.1;29;25;94;429;45;74;60;84;112;1228;315;449;125;171;114;587;75;80;90;36;1;25;196;36;56;0;159;205;66;35;80;5081
2005;Zhejiang;46.02;3.7;13437.9;101.3;16;8;22;26;9;27;12;25;108;32;1332;30;130;306;35;32;23;260;88;32;1;39;69;38;56;0;11;10;5;4;54;2840
2005;Anhui;65.16;4.4;5375.1;101.4;19;25;75;55;33;66;29;41;252;1487;753;4256;302;406;188;154;90;40;122;34;2;18;51;22;21;0;33;35;14;5;10;8638
2005;Fujian;35.35;4.0;6568.9;102.2;17;7;25;26;13;22;8;26;44;99;225;42;1991;254;34;62;64;124;143;15;0;26;46;29;31;0;49;18;7;6;39;3492
2005;Jiangxi;43.11;3.5;4056.8;101.7;13;4;18;8;3;15;6;10;109;66;551;44;657;2038;47;31;94;342;408;125;1;29;77;54;31;0;9;6;2;1;6;4805
2005;Shandong;92.48;3.3;18366.9;101.7;176;142;1059;1226;123;236;160;228;156;1166;851;546;111;202;4984;944;281;120;108;44;2;37;125;32;55;0;175;130;33;24;90;13566
2005;Henan;97.68;3.5;10587.4;102.1;43;33;82;145;48;89;31;47;141;1339;330;598;165;622;527;2712;3089;1101;495;261;11;91;301;80;83;0;77;82;91;28;48;12790
2005;Hubei;60.31;4.3;6520.1;102.9;35;29;142;116;16;48;28;47;18;66;120;46;103;279;239;280;1511;361;519;184;9;53;244;132;88;0;122;22;11;9;20;4897
2005;Hunan;67.32;4.3;6511.3;102.3;18;14;40;81;9;21;11;24;84;66;251;24;188;411;46;58;130;1590;1383;358;0;64;87;134;79;0;30;23;6;4;17;5251
2005;Guangdong;91.94;2.6;22366.5;102.3;44;2;41;72;16;29;11;29;41;17;96;15;26;313;29;41;96;1072;1234;920;2;206;409;423;595;0;103;28;9;7;83;6009
2005;Guangxi;46.60;4.2;4075.8;102.4;15;12;51;23;9;11;8;11;36;79;122;42;34;62;66;87;87;260;350;1118;14;101;446;394;504;0;21;20;3;2;6;3994
2005;Hainan;8.28;3.6;905.0;101.5;;;;;;;;;;;;;;;;;;;;;0;;;;;0;;;0;0;;0
2005;Chongqing;31.69;4.1;3467.7;100.8;4;5;21;10;4;14;7;12;7;28;14;9;11;15;26;29;29;51;88;171;2;837;310;140;39;0;16;7;3;3;8;1920
2005;Sichuan;82.12;4.6;7385.1;101.7;45;73;111;62;25;71;22;34;111;175;138;50;70;74;156;142;420;178;329;294;5;244;3490;256;409;0;159;117;42;28;61;7391
2005;Guizhou;37.30;4.2;1979.1;101.0;5;9;59;23;9;24;7;21;29;71;92;21;72;123;107;44;73;455;575;2038;6;219;174;999;215;0;17;6;3;6;20;5522
2005;Yunnan;44.50;4.2;3472.9;101.4;15;23;94;50;22;23;15;21;71;81;98;31;34;144;115;73;28;88;399;518;4;94;419;90;1917;0;89;84;9;18;42;4709
2005;Tibet;2.77;4.3;251.2;101.5;0;0;0;0;0;0;0;0;0;0;0;0;0;0;0;0;0;0;0;0;0;0;0;0;0;0;0;0;0;0;0;0
2005;Shaanxi;37.20;4.2;3772.7;101.2;27;66;114;190;7;11;10;17;53;1181;237;62;23;159;614;368;519;139;76;55;2;34;406;27;54;0;1403;65;12;6;48;5985
2005;Gansu;25.94;3.3;1934.0;101.7;31;81;57;52;40;26;12;11;80;217;135;54;38;28;48;143;101;34;89;23;0;48;300;18;45;0;392;1680;176;38;86;4083
2005;Qinghai;5.43;3.9;543.3;100.8;15;16;67;56;11;13;2;6;19;133;25;22;13;14;55;113;54;17;40;7;0;15;70;4;19;0;54;196;246;17;5;1324
2005;Ningxia;5.96;4.5;606.1;101.5;30;145;191;11;91;146;6;6;22;71;35;16;7;17;88;37;34;16;26;6;0;4;88;5;4;0;95;572;84;560;35;2448
2005;Xinjiang;20.10;3.9;2604.1;100.7;33;124;82;82;108;37;11;15;68;153;70;23;20;8;141;226;106;66;83;16;0;35;307;37;111;0;242;1519;100;68;1464;5355
2006;Beijing;15.81;2.0;8117.8;100.9;277;424;462;63;35;143;17;27;37;53;28;18;7;8;74;47;22;16;20;10;0;17;38;14;15;1;36;11;4;5;25;1954
2006;Tianjin;9.49;3.6;4462.7;101.5;602;401;1011;196;345;54;47;59;15;40;10;15;4;9;145;51;22;14;6;8;0;22;55;10;17;0;47;54;8;45;98;3410
2006;Hebei;68.98;3.8;11515.8;101.7;1540;2641;5185;303;173;393;113;143;150;422;137;79;36;105;560;346;238;167;103;71;2;84;149;37;47;0;87;38;16;16;51;13432
2006;Shanxi;33.75;3.2;4715.0;102.0;1574;3816;23420;3620;329;1930;124;62;241;3431;500;653;169;344;7647;1637;1667;527;162;162;1;27;122;9;16;0;161;47;31;16;28;52473
2006;InnerMongolia;23.92;4.1;4841.8;101.5;326;2448;2752;195;4543;2577;1681;2317;140;263;106;54;24;81;646;135;92;97;82;30;1;33;182;13;16;0;101;171;24;218;22;19370
2006;Liaoning;42.10;5.1;9251.2;101.2;248;278;489;140;423;11024;957;725;31;92;44;49;11;33;244;246;60;42;18;21;0;21;81;14;24;0;94;29;11;13;37;15499
2006;Jilin;26.80;4.2;4275.1;101.4;74;78;144;34;139;2200;1776;580;85;162;113;106;17;60;168;63;31;48;19;36;0;24;65;11;30;0;15;10;8;2;9;6107
2006;Heilongjiang;38.23;4.4;6201.4;101.9;155;141;445;116;349;3774;2270;6630;119;224;80;89;14;24;404;118;55;39;27;32;0;31;91;30;45;0;61;21;7;8;20;15419
2006;Shanghai;13.68;4.4;10572.2;101.2;29;31;24;25;16;20;23;22;143;26;175;48;41;59;29;46;26;39;29;38;1;19;104;24;42;0;47;15;4;8;71;1224
2006;Jiangsu;76.56;3.4;21742.1;101.6;48;23;90;478;51;74;51;86;118;1184;286;455;124;161;114;644;82;81;75;43;2;25;197;42;64;3;190;136;96;23;108;5154
2006;Zhejiang;46.29;3.5;15742.5;101.1;18;8;23;14;10;27;11;24;114;30;1586;37;142;339;31;34;25;149;71;35;1;43;70;44;62;0;11;12;4;4;63;3042
2006;Anhui;65.93;4.3;6131.1;101.2;16;22;58;36;25;52;28;37;270;1581;1001;4315;313;512;224;105;115;95;126;36;2;17;44;16;21;2;37;31;15;3;13;9168
2006;Fujian;35.58;3.9;7584.4;100.8;15;5;21;21;13;18;5;17;36;79;169;37;1906;286;34;68;65;93;145;17;1;20;47;27;26;1;55;19;6;5;42;3299
2006;Jiangxi;43.39;3.6;4820.5;101.2;16;4;18;8;3;21;6;9;146;79;575;42;788;2200;52;36;112;433;438;107;1;31;74;67;36;0;9;8;1;1;9;5330
2006;Shandong;93.09;3.3;21900.2;101.0;165;99;1288;1335;119;237;152;207;141;1017;841;629;99;248;5158;1005;331;136;88;46;4;44;139;36;57;1;207;77;37;47;89;14079
2006;Henan;98.20;3.5;12362.8;101.3;39;31;73;129;62;90;31;42;147;1271;384;671;195;620;600;2677;2934;1066;608;279;13;88;293;73;77;3;75;124;113;27;53;12888
2006;Hubei;60.50;4.2;7581.3;101.6;30;28;108;88;21;59;36;48;17;69;129;64;118;311;206;313;1763;473;553;187;11;44;184;83;66;2;149;20;10;6;23;5219
2006;Hunan;67.68;4.3;7568.9;101.4;20;16;34;60;9;25;11;22;93;79;261;24;170;413;50;67;145;1740;1574;429;0;70;94;126;57;0;26;20;5;4;19;5663
2006;Guangdong;94.42;2.6;26159.5;101.8;45;2;36;55;15;23;10;24;32;16;97;16;34;306;30;63;93;1169;1166;789;4;233;322;454;347;1;102;31;8;7;100;5630
2006;Guangxi;47.19;4.2;4828.5;101.3;14;10;45;22;8;13;8;7;38;88;144;47;43;72;61;93;92;324;387;1275;14;122;477;578;683;0;27;21;3;2;9;4727
2006;Hainan;8.36;3.6;1031.9;101.5;;;;;;;;;;;;;;;;;;;;;0;;;;;0;;;;;;0
2006;Chongqing;31.99;4.0;3907.2;102.4;5;7;25;10;6;16;7;16;10;27;17;7;14;14;27;30;22;44;93;136;4;898;315;153;49;0;19;6;4;3;13;1997
2006;Sichuan;81.69;4.5;8637.8;102.3;42;70;96;64;17;65;20;30;120;168;123;47;66;65;157;150;407;148;331;288;8;260;3756;254;412;6;147;111;45;21;68;7562
2006;Guizhou;37.57;4.1;2270.9;101.7;5;10;51;24;8;22;11;19;26;64;100;23;78;152;117;48;63;433;640;2236;13;271;205;1098;253;0;14;10;1;9;18;6022
2006;Yunnan;44.83;4.3;4006.7;101.9;12;21;84;45;26;26;18;21;65;82;82;24;36;143;121;58;34;114;384;594;8;96;464;90;2111;0;84;81;10;21;45;5000
2006;Tibet;2.81;;290.8;102.0;0;;;;;1;;;0;0;;0;;0;0;1;0;0;0;;0;;0;;0;0;0;0;;;;2
2006;Shaanxi;37.35;4.0;4523.7;101.5;33;53;93;179;8;12;10;15;54;1005;188;101;27;149;690;448;586;122;81;72;1;50;423;25;56;0;1465;48;18;7;43;6062
2006;Gansu;26.06;3.6;2277.4;101.3;30;109;64;55;41;34;16;15;95;335;160;54;37;59;72;151;136;40;100;27;0;52;316;22;52;1;401;1739;240;68;104;4625
2006;Qinghai;5.48;3.9;639.5;101.6;6;17;74;45;29;12;3;6;23;120;35;18;11;9;56;92;56;16;35;7;0;19;70;5;14;10;58;161;378;17;5;1407
2006;Ningxia;6.04;4.3;710.8;101.9;40;147;199;12;118;155;5;6;31;54;36;19;9;22;88;55;23;25;30;11;0;5;116;6;8;0;87;580;25;718;49;2679
2006;Xinjiang;20.50;3.9;3045.3;101.3;44;124;75;67;109;40;11;13;48;173;83;20;20;18;161;286;53;52;76;17;1;35;312;36;104;0;205;1834;110;99;1723;5949
2007;Beijing;16.33;1.8;9846.8;102.4;218;431;447;63;49;110;16;24;30;58;32;18;8;12;106;53;27;22;23;9;0;16;33;16;15;1;40;12;3;2;30;1924
2007;Tianjin;9.59;3.6;5252.8;104.2;692;347;966;333;488;68;41;55;12;41;9;21;3;8;173;37;32;16;4;11;0;23;61;12;18;2;52;48;6;54;109;3742
2007;Hebei;69.43;3.8;13709.5;104.7;1183;2707;5702;294;195;381;99;150;143;365;140;70;42;103;575;285;227;133;74;77;2;66;137;32;44;3;61;43;7;16;66;13422
2007;Shanxi;33.93;3.2;5733.4;104.6;1593;3394;27913;3330;275;2055;121;68;200;3647;438;653;127;373;8477;1832;1822;504;139;194;1;33;117;12;13;0;118;62;24;27;27;57589
2007;InnerMongolia;24.05;4.0;6091.1;104.6;353;2945;3030;175;5507;3426;1621;2457;134;237;153;65;28;97;656;178;86;105;87;40;1;33;161;14;22;1;98;186;19;219;25;22159
2007;Liaoning;42.32;4.3;11023.5;105.1;252;271;461;121;409;11662;1178;841;25;90;52;44;11;30;294;345;65;50;14;26;0;21;75;13;25;0;80;36;12;14;38;16555
2007;Jilin;26.96;3.9;5284.7;105.3;68;84;119;29;140;2228;1679;640;58;154;160;119;37;76;174;54;43;43;13;67;0;26;85;14;35;0;15;14;7;6;11;6198
2007;Heilongjiang;38.24;4.3;7065.0;105.2;158;148;473;117;358;4250;2296;6750;78;194;66;107;15;30;393;113;65;46;22;29;0;42;111;24;47;1;60;28;8;11;28;16068
2007;Shanghai;13.79;4.2;12494.0;103.2;30;31;24;20;19;19;23;19;90;22;162;46;33;46;24;46;23;50;31;34;1;22;120;31;39;0;49;14;6;9;60;1143
2007;Jiangsu;77.23;3.2;26018.5;104.3;37;23;71;513;61;61;45;81;109;1024;268;486;114;208;123;706;75;76;83;47;1;28;239;52;76;5;180;125;90;23;129;5159
2007;Zhejiang;46.59;3.3;18780.4;104.2;18;8;23;17;11;24;11;21;98;31;1662;55;220;387;30;36;26;92;63;33;1;43;80;42;64;2;16;14;3;4;89;3224
2007;Anhui;66.76;4.1;7364.2;105.3;18;25;71;25;25;85;22;35;256;1573;1146;4498;280;525;243;113;117;77;138;51;2;34;61;30;30;4;30;19;5;4;18;9560
2007;Fujian;35.81;3.9;9249.1;105.2;14;3;24;26;12;15;4;10;40;75;152;38;1854;354;33;64;70;123;195;15;1;22;64;34;29;2;53;19;5;6;44;3400
2007;Jiangxi;43.68;3.4;5800.3;104.8;17;4;23;12;5;26;7;13;133;96;516;54;837;2282;60;44;124;520;465;101;3;31;73;85;36;0;8;11;2;1;17;5606
2007;Shandong;93.67;3.2;25776.9;104.4;166;113;1198;1669;176;250;167;223;191;880;792;661;94;256;5087;1184;412;134;66;63;2;52;203;44;84;3;201;78;69;31;144;14693
2007;Henan;98.69;3.4;15012.5;105.4;47;43;73;146;64;103;44;54;171;1381;388;785;241;711;618;2406;3227;1055;627;317;12;80;266;67;89;8;92;167;102;26;73;13483
2007;Hubei;60.70;4.2;9230.7;104.8;27;30;109;73;23;54;31;61;18;89;129;59;157;350;246;297;1883;519;583;253;16;63;285;100;78;3;146;24;9;8;29;5752
2007;Hunan;68.06;4.3;9200.0;105.6;20;16;35;41;9;23;11;22;87;92;276;28;152;374;76;59;146;1924;1526;458;0;90;101;132;69;1;41;17;3;4;20;5853
2007;Guangdong;96.60;2.5;31084.4;103.7;28;1;44;43;16;8;5;17;24;16;89;16;39;307;26;95;104;1193;1304;838;13;237;366;510;382;1;100;30;7;7;96;5962
2007;Guangxi;47.68;3.8;5955.7;106.1;15;9;50;32;9;12;7;10;46;99;155;54;37;66;69;125;115;559;381;1362;23;142;559;693;749;1;28;24;3;3;12;5449
2007;Hainan;8.45;3.5;1223.3;105.1;0;0;0;0;0;0;0;0;0;0;0;0;0;0;0;0;0;0;0;0;0;0;0;0;0;0;0;0;0;0;0;0
2007;Chongqing;32.35;4.0;4676.1;104.7;7;8;25;11;7;15;4;16;12;27;17;7;16;15;32;28;26;55;99;178;4;883;302;160;51;0;19;6;4;3;12;2049
2007;Sichuan;81.27;4.2;10505.3;105.9;41;74;104;64;20;60;18;29;109;162;141;47;61;70;193;161;421;126;369;351;5;336;3746;252;502;8;163;106;38;31;71;7879
2007;Guizhou;37.62;4.0;2741.9;106.4;6;10;49;21;8;24;11;22;29;89;97;27;87;145;127;54;79;367;629;2421;11;321;269;1071;388;0;17;31;1;10;16;6437
2007;Yunnan;45.14;4.2;4741.3;105.9;13;23;84;45;19;24;18;29;77;95;88;21;37;141;117;61;47;92;422;774;6;130;483;100;2129;0;84;65;10;20;46;5300
2007;Tibet;2.84;;341.4;103.4;0;0;0;0;0;2;0;0;0;0;0;0;0;1;0;4;0;1;0;0;0;0;1;0;0;0;0;3;0;0;0;12
2007;Shaanxi;37.48;4.0;5465.8;105.2;45;45;109;192;12;9;9;15;46;1141;146;109;23;264;907;538;557;76;59;68;1;58;488;31;61;2;1605;92;17;11;48;6784
2007;Gansu;26.17;3.3;2704.0;105.2;33;120;83;47;102;34;15;9;120;359;164;42;42;67;121;193;140;48;138;34;1;83;362;23;90;4;447;1709;265;100;157;5152
2007;Qinghai;5.52;3.8;783.6;106.7;7;22;93;54;100;16;4;7;34;146;50;15;11;16;80;126;111;20;41;10;0;34;110;6;19;31;65;174;313;51;4;1770
2007;Ningxia;6.10;4.3;889.2;105.5;41;183;203;14;117;234;6;8;37;44;29;14;10;18;77;36;42;22;27;10;0;8;124;5;10;0;68;795;89;725;90;3086
2007;Xinjiang;20.95;3.9;3523.2;105.5;36;126;87;60;120;47;13;14;32;180;101;25;22;30;240;304;64;50;83;18;1;29;308;20;76;1;212;1656;75;87;1710;5827
2008;Beijing;16.95;1.8;11115.0;105.1;103;330;500;108;72;106;14;21;16;43;27;15;6;8;107;38;27;22;23;9;0;16;33;16;15;1;40;12;3;2;30;1763
2008;Tianjin;9.69;3.6;6719.0;105.4;455;410;1343;322;479;47;45;44;7;31;7;15;3;6;152;88;32;16;4;11;0;23;61;12;18;2;52;48;6;54;109;3902
2008;Hebei;69.89;4.0;16188.6;106.2;969;3003;5607;331;223;360;113;121;123;286;132;63;59;100;608;283;227;133;74;77;2;66;137;32;44;3;61;43;7;16;66;13369
2008;Shanxi;34.11;3.3;7055.8;107.2;1344;2920;28807;3784;272;1744;142;86;198;3451;394;690;131;443;8581;1975;1822;504;139;194;1;33;117;12;13;0;118;62;24;27;27;58055
2008;InnerMongolia;24.14;4.1;7761.8;105.7;379;2557;5272;146;7364;4334;2093;2671;119;195;148;72;27;75;563;213;86;105;87;40;1;33;161;14;22;1;98;186;19;219;25;27325
2008;Liaoning;42.46;3.9;13461.6;104.6;118;227;454;115;605;12464;1377;803;19;80;48;46;8;31;255;271;65;50;14;26;0;21;75;13;25;0;80;36;12;14;38;17390
2008;Jilin;27.11;4.0;6424.1;105.1;76;82;120;34;166;2477;2104;772;39;107;144;139;40;100;177;82;43;43;13;67;0;26;85;14;35;0;15;14;7;6;11;7038
2008;Heilongjiang;38.25;4.2;8310.0;105.6;159;123;380;112;364;4599;2214;7269;86;234;105;114;25;56;370;111;65;46;22;29;0;42;111;24;47;1;60;28;8;11;28;16843
2008;Shanghai;13.91;4.2;14069.9;105.8;27;26;23;17;19;14;23;17;62;22;76;45;24;42;29;46;23;50;31;34;1;22;120;31;39;0;49;14;6;9;60;1001
2008;Jiangsu;77.62;3.3;30982.0;105.4;33;20;96;608;53;52;52;97;86;919;230;441;84;224;105;771;75;76;83;47;1;28;239;52;76;5;180;125;90;23;129;5100
2008;Zhejiang;46.88;3.5;21486.9;105.0;21;6;21;15;12;25;11;19;86;21;1878;54;180;382;22;38;26;92;63;33;1;43;80;42;64;2;16;14;3;4;89;3363
2008;Anhui;67.41;3.9;8874.2;106.2;20;20;71;44;36;67;28;42;244;1530;1093;5414;252;620;200;82;117;77;138;51;2;34;61;30;30;4;30;19;5;4;18;10383
2008;Fujian;36.04;3.9;10823.1;104.6;14;3;23;22;13;10;4;11;58;61;169;45;1982;390;29;61;70;123;195;15;1;22;64;34;29;2;53;19;5;6;44;3577
2008;Jiangxi;44.00;3.4;6971.1;106.0;13;3;26;11;4;31;10;14;113;80;448;40;688;2303;52;51;124;520;465;101;3;31;73;85;36;0;8;11;2;1;17;5364
2008;Shandong;94.17;3.7;30933.3;105.3;72;112;1389;1735;236;220;192;220;159;713;639;587;97;260;5639;1400;412;134;66;63;2;52;203;44;84;3;201;78;69;31;144;15256
2008;Henan;99.18;3.4;18407.8;107.0;46;33;84;166;59;150;51;68;159;1165;397;573;265;696;575;2989;3227;1055;627;317;12;80;266;67;89;8;92;167;102;26;73;13684
2008;Hubei;61.11;4.2;11328.9;106.3;29;26;129;82;32;67;49;82;16;88;105;58;156;264;247;250;1883;519;583;253;16;63;285;100;78;3;146;24;9;8;29;5523
2008;Hunan;68.45;4.2;11156.6;106.0;23;15;38;36;9;20;7;17;83;76;234;29;113;292;88;68;146;1924;1526;458;0;90;101;132;69;1;41;17;3;4;20;5680
2008;Guangdong;98.93;2.6;36796.7;105.6;19;3;39;47;15;3;4;9;16;15;76;17;49;298;27;91;104;1193;1304;838;13;237;366;510;382;1;100;30;7;7;96;5916
2008;Guangxi;48.16;3.8;7171.6;107.8;15;11;52;32;14;10;9;10;47;90;146;64;32;124;68;141;115;559;381;1362;23;142;559;693;749;1;28;24;3;3;12;5519
2008;Hainan;8.54;3.7;1459.2;106.9;0;0;0;0;0;0;0;0;0;0;0;0;3;5;0;2;0;0;0;0;0;0;0;0;0;0;0;0;0;0;0;10
2008;Chongqing;32.57;4.0;5793.7;105.6;7;5;20;12;7;16;6;24;9;26;15;8;15;11;29;26;26;55;99;178;4;883;302;160;51;0;19;6;4;3;12;2038
2008;Sichuan;81.38;4.6;12506.3;105.1;34;64;82;47;25;46;16;27;78;126;115;40;45;54;121;118;421;126;369;351;5;336;3746;252;502;8;163;106;38;31;71;7563
2008;Guizhou;37.93;4.0;3333.4;107.6;4;7;42;16;15;20;18;34;24;73;80;25;68;94;106;52;79;367;629;2421;11;321;269;1071;388;0;17;31;1;10;16;6309
2008;Yunnan;45.43;4.2;5700.1;105.7;12;15;79;51;24;21;20;37;74;93;74;18;43;91;98;60;47;92;422;774;6;130;483;100;2129;0;84;65;10;20;46;5218
2008;Tibet;2.87;;394.9;105.7;0;0;0;0;0;1;0;0;0;0;0;0;0;0;0;3;0;1;0;0;0;0;1;0;0;0;0;3;0;0;0;9
2008;Shaanxi;37.62;3.9;6851.3;106.4;37;39;134;142;12;11;9;11;46;907;138;103;25;354;884;562;557;76;59;68;1;58;488;31;61;2;1605;92;17;11;48;6588
2008;Gansu;26.28;3.2;3176.1;108.2;26;104;121;66;77;35;18;14;105;291;166;34;32;62;184;233;140;48;138;34;1;83;362;23;90;4;447;1709;265;100;157;5169
2008;Qinghai;5.54;3.8;961.5;110.1;5;31;83;58;149;17;7;8;31;159;50;36;10;16;85;103;111;20;41;10;0;34;110;6;19;31;65;174;313;51;4;1837
2008;Ningxia;6.18;4.4;1098.5;108.5;37;146;230;16;109;186;9;15;32;43;40;10;7;9;119;44;42;22;27;10;0;8;124;5;10;0;68;795;89;725;90;3067
2008;Xinjiang;21.31;3.7;4203.4;108.1;26;116;123;82;97;50;15;17;35;195;111;29;29;26;337;358;64;50;83;18;1;29;308;20;76;1;212;1656;75;87;1710;6036
2009;Beijing;17.55;1.4;12153.0;98.5;101;251;538;125;69;93;21;18;6;27;22;13;4;7;99;29;22;16;15;9;;15;33;13;14;1;31;9;4;5;23;1633
2009;Tianjin;12.28;3.6;7521.9;99.0;354;361;1648;345;506;45;45;40;4;14;5;14;2;7;130;84;29;17;3;7;;26;72;10;33;3;55;102;13;88;80;4142
2009;Hebei;70.34;3.9;17235.5;99.3;1328;2417;6008;335;134;391;127;186;135;242;154;76;50;106;837;338;251;157;79;78;1;88;192;40;55;6;111;69;6;35;85;14117
2009;Shanxi;34.27;3.9;7365.7;99.6;926;2199;26258;3866;282;1523;155;81;205;2210;323;698;108;305;8078;2306;1630;706;163;123;2;37;214;13;25;3;258;107;43;13;66;52926
2009;InnerMongolia;24.58;4.0;9725.8;99.7;428;1177;8155;138;7374;5126;2221;3090;142;150;121;62;18;71;468;158;84;143;72;39;1;26;160;18;17;5;112;197;25;173;37;30008
2009;Liaoning;42.56;3.9;15212.5;100.0;84;264;515;120;409;13022;1583;1099;12;51;36;48;6;26;239;234;70;68;16;25;;29;86;12;24;1;57;55;13;19;39;18262
2009;Jilin;27.20;4.0;7278.8;100.1;67;63;99;23;200;1993;2404;1062;22;60;96;102;39;140;207;54;43;76;13;40;;31;158;34;44;;43;21;7;15;8;7164
2009;Heilongjiang;38.26;4.3;8587.0;100.2;124;57;461;102;399;3631;1796;8020;45;90;74;93;25;60;281;114;67;94;16;33;;49;137;34;60;2;69;35;12;10;24;16014
2009;Shanghai;14.01;4.3;15046.5;99.6;25;21;18;15;13;12;25;24;59;17;35;46;19;48;23;61;26;53;22;38;;21;106;35;40;1;43;21;8;9;58;942
2009;Jiangsu;78.10;3.2;34457.3;99.6;22;16;238;919;38;49;48;84;74;756;204;487;60;266;218;1196;82;106;61;36;1;22;174;46;81;6;338;143;185;23;157;6136
2009;Zhejiang;47.16;3.3;22990.4;98.5;17;8;19;17;9;18;13;16;88;26;1870;30;139;499;17;26;21;57;37;26;1;44;104;46;70;4;26;15;6;2;86;3357
2009;Anhui;67.95;3.9;10062.8;99.1;18;18;71;35;26;38;29;30;224;1778;986;5777;177;786;304;134;284;151;103;46;1;22;78;27;35;4;46;26;11;5;18;11288
2009;Fujian;36.66;3.9;12236.5;98.2;13;4;21;12;8;8;4;9;46;35;131;29;1918;517;27;61;55;91;203;13;1;32;114;41;36;3;60;22;5;7;48;3574
2009;Jiangxi;44.32;3.4;7655.2;99.3;14;4;23;12;3;23;9;10;90;32;420;33;577;2406;58;43;122;604;293;114;3;46;69;144;32;;8;11;3;1;15;5222
2009;Shandong;94.70;3.4;33896.7;100.0;40;84;1767;2983;134;230;190;227;94;631;575;518;68;267;5182;1722;453;158;42;44;2;56;192;42;84;6;377;169;97;56;174;16664
2009;Henan;99.67;3.5;19480.5;99.4;40;34;120;211;71;245;63;60;113;869;243;651;238;460;529;3401;2542;1018;566;334;8;100;453;87;111;16;119;203;69;22;75;13071
2009;Hubei;61.42;4.2;12961.1;99.6;28;21;116;80;34;49;42;82;17;87;96;59;107;222;256;301;1959;411;382;240;12;62;391;105;82;7;200;46;16;8;63;5581
2009;Hunan;69.00;4.1;12930.7;99.6;20;11;37;28;6;18;4;10;53;57;211;31;91;353;89;67;154;1951;958;572;11;105;167;265;70;1;34;19;5;7;24;5429
2009;Guangdong;101.30;2.6;39482.6;97.7;12;1;21;27;10;2;4;17;17;17;35;11;49;309;14;92;116;1421;1260;1020;16;245;601;512;535;1;120;44;11;11;101;6652
2009;Guangxi;48.56;3.7;7700.4;97.9;7;9;43;30;7;15;13;10;37;64;104;52;37;103;58;139;119;692;298;1411;14;171;554;883;956;2;53;47;13;4;13;5958
2009;Hainan;8.64;3.5;1646.6;99.3;;—;—;0;—;0;0;—;;—;;—;1;6;—;1;1;4;27;14;554;2;3;1;3;;0;1;;;0;618
2009;Chongqing;32.76;4.0;6530.0;98.4;5;5;25;8;9;14;6;25;6;32;16;7;14;10;31;27;22;34;104;143;3;659;686;158;78;1;17;8;3;3;20;2179
2009;Sichuan;81.85;4.3;14151.3;100.8;35;39;85;30;17;38;15;26;54;98;93;26;31;47;102;86;302;112;296;256;12;492;3691;258;540;19;109;65;19;27;62;7082
2009;Guizhou;37.98;3.8;3893.5;98.7;4;6;52;19;13;26;25;26;18;64;70;20;65;125;128;56;52;449;543;2349;8;351;385;1605;327;;24;76;30;16;24;6956
2009;Yunnan;45.71;4.3;6168.2;100.4;11;16;95;38;32;26;24;29;68;86;77;19;49;89;141;77;32;96;353;605;5;104;675;119;1526;;85;78;41;23;57;4676
2009;Tibet;2.90;3.8;441.4;101.4;;—;0;0;0;0;0;—;;—;;1;0;1;—;1;—;1;;1;;1;3;;;;0;3;11;;—;23
2009;Shaanxi;37.72;3.9;8186.7;100.5;41;29;159;131;23;14;12;11;35;619;141;149;20;267;1147;576;796;200;67;74;1;69;596;27;73;5;2023;230;37;27;54;7653
2009;Gansu;26.35;3.3;3382.4;101.3;17;49;95;61;75;30;15;14;90;247;181;59;32;108;179;367;262;89;125;29;1;66;354;35;57;18;548;2059;178;127;196;5763
2009;Qinghai;5.57;3.8;1081.3;102.6;5;16;114;97;233;13;11;10;33;121;53;30;12;27;84;123;129;50;39;15;1;37;86;3;16;77;68;190;969;32;10;2704
2009;Ningxia;6.25;4.4;1334.6;100.7;27;76;1223;24;97;160;15;10;28;40;45;14;11;16;142;59;55;31;21;7;;5;452;4;6;;69;768;62;506;100;4073
2009;Xinjiang;21.59;3.8;4273.6;100.7;28;98;112;103;77;43;16;15;49;174;158;33;31;41;334;403;96;54;91;24;1;38;301;21;85;3;212;1576;87;94;1991;6389
2010;Beijing;19.62;1.4;14113.6;102.4;75;323;475;84;81;103;24;14;7;28;20;13;5;6;85;26;23;12;14;9;0;17;33;16;11;1;31;8;4;3;20;1571
2010;Tianjin;13.00;3.6;9224.5;103.5;350;3297;1812;387;462;53;41;47;3;9;4;7;1;6;78;109;23;16;2;6;0;29;76;10;25;3;46;133;14;101;90;7240
2010;Hebei;71.94;3.9;20394.3;103.1;1258;3007;7237;468;190;486;117;129;143;293;160;60;23;86;1204;330;268;137;80;65;1;108;257;41;54;7;123;47;6;21;75;16481
2010;Shanxi;35.74;3.6;9088.1;103.0;920;2740;30086;4402;267;1707;144;53;201;2788;328;748;102;455;9207;2540;2001;849;168;95;2;70;293;22;21;3;251;134;73;28;114;60812
2010;InnerMongolia;24.72;3.9;11655.0;103.2;553;1027;10952;136;8669;7006;2956;3959;133;181;164;68;20;67;436;211;95;136;40;54;1;43;177;21;15;2;119;228;28;148;53;37698
2010;Liaoning;42.52;3.6;18457.3;103.0;130;272;629;108;485;12694;1555;1196;19;48;31;46;3;16;211;213;61;52;10;12;0;21;81;10;24;1;89;40;13;15;33;18118
2010;Jilin;27.24;3.8;8667.6;103.7;63;41;103;30;183;2380;2338;1258;25;52;140;79;40;169;93;63;54;118;11;65;0;33;165;37;69;0;27;14;7;5;12;7674
2010;Heilongjiang;38.33;4.3;10368.6;103.9;120;68;304;63;384;4096;1724;8581;58;106;123;138;34;69;203;125;72;88;16;35;0;40;192;36;65;5;56;38;14;11;24;16888
2010;Shanghai;14.12;4.4;17166.0;103.1;26;28;21;14;18;13;24;14;62;17;51;39;20;49;29;47;25;54;19;43;0;21;125;33;41;1;42;14;7;7;55;959
2010;Jiangsu;78.69;3.2;41425.5;103.8;21;13;416;656;28;37;31;56;71;908;156;636;57;263;251;1262;75;103;59;35;1;36;203;45;81;5;310;149;200;32;176;6372
2010;Zhejiang;47.48;3.2;27722.3;103.8;17;6;18;14;8;17;10;13;93;30;2223;38;114;721;14;23;21;31;31;24;1;40;80;42;57;4;15;17;6;2;76;3806
2010;Anhui;68.27;3.7;12359.3;103.1;22;20;105;35;23;32;22;24;179;1955;823;6296;172;806;343;109;362;279;110;50;1;21;90;34;57;8;36;38;18;4;18;12092
2010;Fujian;36.93;3.8;14737.1;103.2;8;2;18;10;7;7;3;8;44;25;180;24;1723;850;23;46;49;73;206;12;0;39;112;40;44;2;62;23;7;7;50;3704
2010;Jiangxi;44.62;3.3;9451.3;103.0;12;7;20;10;3;20;6;7;82;31;490;29;550;2583;44;33;146;583;248;123;4;50;80;143;35;1;8;8;2;3;15;5376
2010;Shandong;95.79;3.4;39169.9;102.9;33;78;2074;2779;174;226;154;215;67;607;488;547;67;260;6825;1741;391;170;38;39;1;74;224;49;83;6;332;156;123;80;184;18285
2010;Henan;104.37;3.4;23092.4;103.5;49;20;164;128;38;236;32;48;118;847;235;545;202;507;516;3807;2478;1012;548;316;7;141;500;117;125;25;96;293;120;7;97;13374
2010;Hubei;61.76;4.2;15967.6;102.9;29;23;119;62;35;48;43;59;18;107;98;74;117;204;271;249;1905;469;431;246;12;69;416;128;100;7;169;95;18;9;68;5698
2010;Hunan;70.90;4.2;16038.0;103.1;19;10;33;28;7;16;5;11;53;55;194;29;102;365;94;71;135;2240;1054;565;9;104;195;231;68;1;40;18;3;5;23;5783
2010;Guangdong;104.41;2.5;46013.1;103.1;7;2;26;29;9;1;2;10;19;12;26;7;82;308;14;106;130;1538;1522;1256;11;272;654;571;595;2;122;47;17;11;97;7505
2010;Guangxi;46.10;3.7;9502.4;103.0;6;6;39;22;7;13;6;5;43;53;93;51;36;96;43;126;143;857;366;1477;23;227;564;794;911;2;45;27;7;5;16;6109
2010;Hainan;8.69;3.0;2052.1;104.8;0;0;0;0;0;0;0;0;0;0;0;0;1;5;0;2;1;4;15;17;483;3;6;1;4;0;0;0;0;0;0;542
2010;Chongqing;33.03;3.9;7925.6;103.2;5;6;24;7;7;9;5;20;7;34;22;8;18;12;29;32;34;32;109;161;4;748;605;149;62;2;13;10;3;2;18;2197
2010;Sichuan;80.58;4.1;16898.6;103.2;33;45;88;30;19;35;16;21;76;95;103;40;31;46;126;103;395;167;327;287;14;624;3577;262;541;19;95;72;21;24;57;7389
2010;Guizhou;34.79;3.6;4594.0;102.9;3;8;49;28;16;28;32;33;20;71;73;20;82;189;167;76;94;671;673;2841;11;366;491;1360;405;0;31;99;5;21;28;7991
2010;Yunnan;46.02;4.2;7220.1;103.7;9;13;76;31;26;25;34;31;66;80;83;23;59;86;140;77;41;122;421;795;5;146;766;123;1671;0;75;66;35;29;55;5209
2010;Tibet;3.00;4.0;507.5;102.2;0;0;0;0;0;0;0;0;0;0;0;2;0;1;0;3;0;2;0;1;0;3;10;0;0;0;1;2;5;0;0;30
2010;Shaanxi;37.35;3.9;10021.5;104.0;42;22;310;150;22;16;9;16;52;674;148;170;12;350;948;477;1038;268;50;43;1;87;654;39;106;7;2731;257;38;53;46;8836
2010;Gansu;25.60;3.2;4119.5;104.1;18;61;159;83;69;32;16;15;108;252;166;70;28;44;222;309;249;81;169;25;1;75;331;32;49;23;636;2396;151;121;195;6186
2010;Qinghai;5.63;3.8;1350.4;105.4;18;21;124;97;179;15;10;10;43;176;55;35;14;25;119;131;143;60;41;13;1;43;112;4;19;101;74;193;1187;24;9;3096
2010;Ningxia;6.32;4.4;1643.4;104.1;24;113;1454;24;89;146;14;6;37;35;48;14;7;4;63;43;33;24;42;5;0;17;545;3;7;0;64;755;55;598;145;4414
2010;Xinjiang;21.85;3.2;5437.5;104.3;45;137;94;72;72;40;11;11;58;250;188;32;32;29;277;425;95;58;115;19;0;46;296;19;106;3;231;2034;101;121;1758;6775
2011;Beijing;20.19;1.4;16251.9;105.6;72;216;488;78;83;79;22;23;5;20;14;19;4;9;58;15;18;9;5;11;0;15;33;8;12;2;28;9;3;1;18;1377
2011;Tianjin;13.55;3.6;11191.0;104.9;68;3172;2120;468;668;30;37;50;2;12;4;7;2;4;37;91;20;15;1;8;0;33;95;13;39;3;51;106;23;66;101;7346
2011;Hebei;72.41;3.8;24515.8;105.7;1001;3605;7290;404;169;616;168;194;136;344;133;138;19;64;1821;443;256;185;106;74;1;132;271;59;75;8;152;38;4;36;105;18047
2011;Shanxi;35.93;3.5;11100.2;105.2;725;2627;34730;4262;290;1615;132;71;206;2848;323;873;108;425;9276;2772;2334;933;171;188;4;135;314;35;28;6;304;127;97;74;138;66171
2011;InnerMongolia;24.82;3.8;14246.1;105.6;281;1041;11506;125;10021;9517;3658;4516;103;121;144;61;16;80;417;240;103;135;36;32;1;32;156;20;14;4;93;239;29;127;66;42934
2011;Liaoning;43.83;3.7;22025.9;105.2;153;334;545;113;454;13115;1756;1238;17;52;35;36;5;26;170;204;65;57;11;15;0;24;85;12;28;1;58;36;15;15;40;18715
2011;Jilin;27.27;3.7;10568.8;105.2;49;61;122;28;186;2391;2290;1174;19;50;122;95;35;140;105;74;61;116;11;45;0;33;147;38;60;0;23;11;6;4;9;7505
2011;Heilongjiang;38.34;4.1;12582.0;105.8;83;36;365;58;306;4349;1731;8631;58;77;90;75;20;61;140;117;60;78;10;28;0;46;146;39;86;6;55;30;10;7;31;16829
2011;Shanghai;14.19;3.5;19195.7;105.2;16;28;17;9;17;11;17;13;59;16;44;19;26;40;24;46;23;49;19;38;0;23;130;29;37;2;37;12;5;5;75;886
2011;Jiangsu;78.99;3.2;49110.3;105.3;16;9;379;814;28;29;26;57;84;1206;139;750;66;311;147;1512;67;137;65;37;1;34;239;45;95;9;374;130;219;53;205;7283
2011;Zhejiang;47.81;3.1;32318.9;105.4;29;8;25;16;8;14;10;13;88;23;2313;36;96;915;18;27;23;44;26;26;1;43;81;44;52;4;13;16;8;1;76;4097
2011;Anhui;68.76;3.7;15300.6;105.6;9;11;124;22;17;33;18;20;175;2197;794;6225;217;955;330;110;429;322;128;91;1;21;72;37;40;5;38;32;9;3;21;12506
2011;Fujian;37.20;3.7;17560.2;105.3;6;1;13;9;8;7;3;6;36;22;166;26;1777;938;18;50;39;69;198;10;0;45;94;35;43;2;56;22;7;7;47;3760
2011;Jiangxi;44.88;3.0;11583.8;105.2;14;4;12;10;3;16;4;6;74;42;525;49;579;2745;35;33;154;665;256;136;3;53;84;174;48;1;13;9;1;2;14;5764
2011;Shandong;96.37;3.4;45361.9;105.0;30;57;2284;2915;216;218;166;271;77;695;496;592;84;290;7686;1782;309;203;34;61;3;83;243;63;82;7;464;141;66;68;255;19941
2011;Henan;104.89;3.4;26931.0;105.6;27;29;182;108;43;237;46;57;118;717;243;584;241;524;457;3950;2003;799;642;415;8;162;549;159;141;15;80;229;106;8;114;12993
2011;Hubei;61.79;4.1;19594.2;105.8;27;24;109;56;38;41;47;71;12;100;89;73;114;202;250;241;2124;538;438;285;11;92;427;133;114;8;106;70;17;21;84;5962
2011;Hunan;71.36;4.2;19669.6;105.5;16;7;25;23;5;15;4;9;45;53;167;26;83;405;79;72;150;2608;1013;555;9;131;166;202;73;1;26;21;5;9;23;6026
2011;Guangdong;105.05;2.5;53210.3;105.3;4;1;10;39;7;2;2;5;10;9;20;6;90;332;9;121;140;1352;1745;1193;9;218;661;739;687;1;118;59;18;10;83;7700
2011;Guangxi;43.83;3.5;11714.4;105.9;4;4;32;15;6;13;3;5;34;51;83;51;34;130;46;139;136;967;358;1792;31;209;616;842;1064;3;33;21;7;3;38;6770
2011;Hainan;8.77;1.7;2515.3;106.1;0;0;1;0;0;0;0;0;0;0;0;0;0;3;0;2;1;2;31;10;625;3;7;2;5;0;1;0;0;0;1;694
2011;Chongqing;33.30;3.5;10011.4;105.3;3;5;19;7;8;6;6;16;5;26;15;6;10;6;25;19;19;24;88;152;4;811;580;128;61;2;12;12;3;1;17;2096
2011;Sichuan;80.50;4.2;21026.7;105.3;35;56;97;23;28;37;15;24;72;87;90;40;41;59;170;140;276;137;262;292;11;684;4135;312;613;19;121;71;16;21;75;8059
2011;Guizhou;34.69;3.6;5701.8;105.1;3;12;55;19;20;26;39;56;17;72;48;32;45;136;153;54;131;474;550;2053;10;361;482;1789;401;0;24;88;14;22;33;7219
2011;Yunnan;46.31;4.1;8751.0;104.9;8;11;77;33;31;27;35;36;63;80;78;25;56;76;145;80;109;123;437;955;7;169;765;174;1311;0;80;81;49;37;52;5210
2011;Tibet;3.03;3.2;605.8;105.0;0;0;0;1;1;0;0;0;0;0;0;1;0;1;1;3;0;3;0;1;0;2;11;0;1;0;12;7;3;0;0;48
2011;Shaanxi;37.43;3.6;12391.3;105.7;25;31;401;773;78;13;11;20;58;744;131;148;28;431;926;662;1508;395;69;69;1;113;845;44;94;10;2619;139;38;57;70;10551
2011;Gansu;25.64;3.1;5020.0;105.9;14;56;105;88;68;34;18;15;116;245;136;71;32;41;206;224;217;114;209;30;1;87;371;35;44;18;497;2742;131;229;253;6447
2011;Qinghai;5.68;3.8;1634.7;106.1;5;17;196;88;184;13;10;9;27;182;44;46;19;20;134;129;168;65;53;13;0;39;113;2;13;91;84;300;1517;21;32;3634
2011;Ningxia;6.39;4.4;2060.8;106.3;7;85;1036;39;90;156;10;8;29;64;84;22;13;7;123;61;111;29;36;9;0;194;564;5;11;2;85;844;67;778;190;4759
2011;Xinjiang;22.09;3.2;6574.5;105.9;55;108;114;61;68;69;15;15;74;328;227;36;34;29;287;296;107;61;115;26;1;53;317;32;97;4;238;1930;118;101;1785;6801
